Name,Peak,MMR,Events Played,Base MMR
0L3,,2223,0,2223
100mille,,2845,18,2117
4Head,,2182,4,2250
4RX,,1951,9,2250
6v6 Enjoyer,,3263,0,3263
AAAAAAAAAA,,3583,0,3583
Aerith,,2407,0,2407
agorin,,2270,0,2270
Aha,,2059,0,2059
aira,,5704,45,5548
200cc noob xd,,2059,1,2111
Akak1ra,,3518,0,3518
Alberto,,5372,1,5273
Alen,,3453,0,3453
alepardo15,,3779,0,3779
Aless,,1864,8,2407
Alex,,4719,6,4675
Alfa,,2219,0,2219
alia,,2234,0,2234
almond,,3564,0,3564
Alpaco,,6675,6,7000
alpha,,6806,9,7000
Alsterboy (UK),,4355,3,4721
Altiu,,3608,0,3608
amamimu,,2151,0,2151
amber,,1934,1,1953
Amos,,3689,0,3689
Anders,,3174,0,3174
Annalise,,3197,0,3197
anpeki,,2345,0,2345
Ant,,2090,0,2090
anthemy,,3522,0,3522
Anubis,,1969,0,2069
Aoba,,3489,0,3489
Aonatsu,,3778,0,3778
apes,,3407,0,3407
apg77,,3546,0,3546
Aphh,,3098,0,3098
aplex,,4797,0,4797
Aradeos,,3587,0,3587
Ari,,862,1,1000
Ariana Grande,,3483,0,3483
arirura,,3765,0,3765
Army,,4674,3,4880
Ars,,2160,1,2346
Arti,,3538,0,3538
arturgaming,,3010,0,3010
artycuz,,3498,0,3498
Arveal,,3549,0,3549
Asahina,,2160,0,2160
Ashley te,,1722,0,1722
Ast,,3734,0,3734
Astro,,3144,0,3144
asuto,,2314,0,2314
Aswizz,,3233,0,3233
atatata,,3395,13,2406
au.raraka,,3377,0,3377
zpopel,,2521,5,2113
Aventura,,2191,0,2191
AwesometheII,,1759,3,1767
Axybur,,1936,4,2308
Yoimiya,,3822,46,4473
B-Pho,,2226,0,2226
Babouchka,,2016,0,2016
Ball,,3601,0,3601
Bartholemu,,1995,10,2424
Bastiandy,,2045,0,2045
BASTUP,,2118,0,2118
Beeg,,3754,3,3750
Ben S,,3535,0,3535
Beni,,3397,0,3397
Benic,,3547,0,3547
benjax,,3565,0,3565
berda,,7107,9,7000
beriberi,,2277,0,2277
beta,,5034,0,5034
bierro,,3586,0,3586
Big guy,,3363,1,3490
Bilal,,2232,0,2232
BryWH,,2865,2,3027
blabadu,,2410,0,2410
blaze,,3820,2,3894
blind,,3630,0,3630
bluebro827,,1631,0,1631
bobby,,4019,14,3445
Bocchi,,4628,4,4578
Bossboy28,,3368,0,3368
Bowen,,3653,0,3653
bran,,2229,0,2229
Brandon,,6607,1,6718
BrawlLeon,,1969,0,1969
breath,,1779,0,1779
Breezey,,2044,4,2111
Brian,,3721,0,3721
SigmaGrindset,,4963,12,4935
Bruh,,2093,0,2093
bukka,,2496,0,2496
busudayo,,2115,0,2115
Byron,,8152,76,6238
Calcaire,,3633,0,3633
carnation,,2189,0,2189
Cere,,2082,0,2082
Chadofy,,3270,3,3218
chanrii,,2168,1,2133
chass,,3534,0,3534
Chat Restricted,,2249,0,2249
chaytho,,1987,0,1987
Chelin,,2284,0,2284
chellia,,2098,0,2098
Chewie,,2095,1,2265
Chika Takami,,5909,35,5719
Chim,,3463,1,3487
Chinu,,2267,0,2267
Citro15,,2059,8,2250
Civil,,4827,0,4827
Civonia,,2201,0,2201
Clems,,2274,0,2274
coa,,3579,0,3579
cocozie,,3326,0,3326
A.C. Hughes,,4120,43,2812
Cosmic (USA),,2299,11,3422
cosmos,,4738,0,4738
Cream,,3349,3,3378
CroNeX,,1960,0,1960
Cuky,,3516,0,3516
cure_orange,,1961,2,2261
curren,,2030,0,2030
curry,,2442,0,2442
cynda,,4995,0,4995
Cyns,,3242,0,3242
D.H.,,3509,0,3509
Daichi,,5167,0,5167
Daisuke,,3403,0,3403
DAISYDRIFT,,2264,0,2264
Dan,,3711,0,3711
Danna04,,2273,0,2273
Danny Fathom,,3349,0,3349
dansw,,3727,0,3727
Dapple Dualies,,4070,0,4070
Dark,,3367,4,3448
daru,,3325,0,3325
Dave Gettleman,,6269,20,6026
Dayem,,5090,0,5090
dddD,,2277,0,2277
Deci,,4452,7,4228
Default,,2334,0,2334
Demani,,2952,6,3204
dementium_loco,,3359,0,3359
Denchuy,,2151,0,2151
denix,,3536,0,3536
destroy,,2375,0,2375
Devoty,,5100,0,5100
Dezphos,,3550,0,3550
Dileo,,2258,0,2258
DinoG,,3719,0,3719
Dman,,3714,51,3056
Dobilee,,2049,0,2049
Doenersempft,,380,12,1000
Doodle,,5133,0,5133
Douda,,2285,0,2285
Douglas,,2236,0,2236
Drolegde,,3523,0,3523
dsbs,,3268,0,3268
Durn,,1002,8,1388
Deshawn Co. III,,9178,86,7000
Dylan 49,,1806,2,1957
Dylan 718,,3157,1,3400
dyna,,2288,0,2288
Echoes,,3543,0,3543
Ectross,,2070,0,2070
Ecumene,,3610,0,3610
EHRENLOS,,6778,25,6154
Eji,,6506,24,7000
El Flasho,,1728,0,1728
El Magias,,2253,0,2253
ELAINA,,4394,0,4394
elephant,,1040,3,1248
Eli,,2261,0,2261
Elie,,3531,1,3597
Elite,,1522,1,1584
Elmer,,6227,32,6893
em,,2465,1,2526
emans,,3374,0,3374
Emarie,,3344,6,3750
ember,,5920,33,7000
Empex,,1966,2,2250
enderriolu17,,3155,0,3155
mydon,,1945,0,1945
Enger,,3763,2,3744
Enri,,2996,4,3033
enyak_mk,,3469,0,3469
enz,,5287,4,5269
Eren Yeager,,6255,1,6302
Erickfree,,7300,72,7000
Erik,,4694,3,4567
ErikMK,,2881,65,1932
Eris.,,4194,1,4287
Eru,,4758,1,4795
Erwan,,2105,0,2105
Ethan (FR),,2731,0,2731
Euan,,7613,38,7000
Fade,,3663,0,3663
FAHIM,,2211,0,2211
FakeFire,,2488,12,2105
Falcon,,3695,0,3695
Falkmanhi,,3142,1,3288
False King,,1602,3,1727
Farber,,2142,0,2142
fast,,3536,0,3536
Fatality,,2219,0,2219
fenn,,3186,0,3186
ferg,,3576,0,3576
FEs furanzu,,2930,3,3336
Fichtenbock,,2187,0,2187
Fineapple,,1227,8,1648
Flaps,,4802,1,4733
Flowx,,3490,0,3490
SZA,,2240,4,2226
focus gold,,2124,0,2124
messi,,1911,3,2292
Fools,,3628,0,3628
Fork Ice Bahn,,2016,0,2116
FORKJPN,,3341,3,3557
Fox04k,,3403,1,3571
FP Strega,,3446,0,3446
frail,,4877,0,4877
fran,,3383,0,3383
Francis,,3434,2,3534
Franz,,3551,0,3551
FreeDobby,,2201,0,2201
Fresh,,5314,0,5314
freshd,,3523,0,3523
fuchan,,3506,0,3506
fuyu438,,2338,0,2338
fways,,2246,0,2246
Fwokattya,,2077,0,2077
G4S,,3407,0,3407
TepigMK,,3937,4,3781
gxbry,,5190,63,4697
Galax,,4109,3,3911
Garch,,1990,2,2350
Gasly,,4998,0,4998
Gaze,,3754,0,3754
geo k,,1833,1,1953
GeorgeNotFound,,3373,0,3373
geso,,2171,0,2171
gibbman,,2259,0,2259
Ginnan,,4910,0,4910
Gio,,3750,0,3750
Glooba,,3939,1,3828
Gnb,,3439,0,3439
gnb?,,2062,1,2250
Gomi,,3544,0,3544
gonke,,4808,0,4808
Gord,,3476,0,3476
Green,,4759,4,5204
GSCorinth7,,3231,40,2918
gumi,,2212,0,2212
Guti,,3597,3,3622
guyal,,3525,0,3525
gyrodos,,4007,59,3170
h3ylloo,,2177,0,2177
hal,,2183,0,2183
Halu_33,,3602,0,3602
Hamutaro6,,2258,0,2258
hanachan,,3739,0,3739
handsome,,3387,0,3387
Hanz,,2189,0,2189
HaRu,,2283,0,2283
harucchiyukk,,3695,0,3695
haruyasumi,,3415,0,3415
Hatotyan,,2178,0,2178
Hatsugatsuo,,2264,0,2264
Haupi,,3728,0,3728
Haya,,2281,0,2281
Haydo,,1630,4,1954
haze,,2071,2,2250
Hazen,,3555,0,3555
Healty,,1813,3,2026
Heart,,4127,0,4127
Heathed494,,2132,0,2132
hector7,,2855,0,2855
hedgi,,2383,0,2383
Hee-Haw,,3370,4,3720
heiwajima,,2308,0,2308
helium,,2359,1,2357
Henry,,3779,0,3779
heri42,,2213,0,2213
Hermes,,1058,30,1545
Hgt,,1953,3,2223
hi2u,,2318,0,2318
Hiinto,,2275,0,2275
Hikarun,,2246,0,2246
hoermih,,1388,29,2794
hokakoro,,2317,0,2317
Holyshiftkid,,2707,0,2707
Honrocco,,2190,0,2190
huesara,,3178,0,3178
hydra,,2263,0,2263
Hydro,,3428,11,3676
Hylia,,3521,1,3519
iBeDoobert,,2259,8,2250
IbimsSteve,,3520,0,3520
Icee,,4229,0,4229
IceHawk,,3721,0,3721
Icy,,2241,6,2901
idorc,,2133,0,2133
IKEA_SSB,,2377,0,2377
imipu,,2149,0,2149
immortalman2650,,1971,0,1971
imrsv,,3516,0,3516
ingite,,2028,1,2118
iqra,,2152,0,2152
Isaiah,,3403,0,3403
Itscrips5,,1917,6,2364
Jack,,3859,,3859
JackM,,1841,1,1972
Jadounaali,,2374,0,2374
Jairby,,2270,0,2270
Jake,,2236,1,2250
Jakearoo,,3524,0,3524
jalon,,3531,0,3531
James,,6650,0,6650
jami,,2193,0,2193
Japanreptile,,3777,0,3777
jay,,3234,0,3234
jaytendo,,3007,8,3476
JenZua,,2741,0,2741
jeric,,3498,0,3498
Jessica,,1918,2,2250
jinx,,3511,0,3511
jk,,2160,0,2160
JKsonic,,2211,0,2211
Jo5hy,,2983,2,3250
Joaquinado,,3453,0,3453
Joe,,3584,0,3584
Joeey,,3210,0,3210
Joel M8,,2838,2,2919
Joeri,,3272,0,3272
Johanna,,2189,0,2189
Jolokid,,1508,0,1508
Jonah,,3324,0,3324
Jordan,,2736,12,2250
Josh02,,2200,1,2283
Joshua,,5022,0,5022
Joshua1,,4338,0,4338
jotrix,,3153,0,3153
JPGiviner,,5917,1,5971
JRobs93,,2135,0,2135
Julia,,3542,0,3542
JulianSMM,,2987,29,3068
July,,5286,56,5721
General Grievous,,4581,9,4512
JUN,,2197,0,2197
jxesenee,,2474,2,2771
jyzu,,3519,0,3519
K4I,,6655,4,7000
K9,,2238,0,2238
Kabkal,,3531,0,3531
kai wizzy,,2239,0,2239
kanadekanon,,3552,0,3552
kanochanein,,2152,0,2152
kapi,,6717,41,6473
Kart,,2223,0,2223
Kasumi Utako,,2050,6,1983
Kawaii Vtuber,,5078,0,5078
Kayne,,3585,0,3585
kazan,,3430,0,3430
kazane,,3775,0,3775
kenny,,3564,0,3564
kenny ackerman,,3595,0,3595
Lanz,,4919,150,5578
kibou,,3551,0,3551
kichi,,3485,0,3485
Kil,,2339,0,2339
naive,,8852,108,7000
King Clawthorne,,4349,7,4685
Kira <3,,2290,0,2290
Kiria,,3495,0,3495
kisaragi,,6235,10,6552
Kishiro,,2218,0,2218
klein,,3608,0,3608
knock,,3613,0,3613
koase,,2104,1,2199
Kokoro,,2267,0,2267
Kokoru,,2172,0,2172
kondorxt,,2970,0,2970
konkon,,4493,11,4862
konnu,,2281,0,2281
Kori,,2161,0,2161
Kozmo,,900,4,1000
kozue,,3562,0,3562
Krppe,,3567,0,3567
ks,,2234,0,2234
Ku2,,2467,0,2467
kuro,,3677,0,3677
kurogane,,2193,0,2193
kuroto,,3474,3,3474
kurr,,3374,0,3374
kurtn,,2162,3,2331
Kurugaya Yuiko,,3419,0,3419
Ai Xiang,,7753,94,6963
Kyle,,3903,4,3749
Kyorai,,3605,,3605
l1amkm,,5341,5,5250
LaDinski,,3507,0,3507
Lamir,,1551,0,1551
lanthan,,2202,0,2202
Laquon,,5458,69,5835
latent,,3823,0,3823
laToiture,,3585,0,3585
laty,,4819,0,4819
leen,,2217,0,2217
Lemon,,5610,32,5887
lemonade,,3597,0,3597
Lennox,,2165,0,2165
Helfire Club,,4792,34,3271
leo.,,2041,1,2220
Leon,,5311,0,5311
Leopon,,1595,0,1595
liamzin,,2184,1,2341
LibereBaraow,,2190,0,2190
lilac,,3375,0,3375
lm987,,2948,0,2948
LMDS,,3855,0,3855
lock,,4505,0,4505
loic,,3445,0,3445
Lorenz,,3656,0,3656
lorenz2,,3296,0,3296
loser_55,,3603,0,3603
Lost,,2074,0,2074
Louka,,3761,0,3761
LTG Solar,,1325,,1571
Lucas,,4880,0,4880
Lucazs,,2408,1,2500
Ludwig,,2127,0,2127
lufti,,1988,4,2236
Lukas,,3640,1,3710
Lulu La Crapule,,3709,0,3709
lunaaa,,468,10,1000
Luti,,3834,0,3834
luuk,,2120,0,2120
Luxaitor,,2203,0,2203
luxstar,,3564,0,3564
LVZKiro,,3572,0,3572
lyla,,3010,0,3010
Maaaaa,,2366,0,2366
mainy,,4921,0,4921
Major_Dodo,,3274,0,3274
makkya_to,,2260,0,2260
Maliboo,,4247,17,3947
mamita,,2259,0,2259
Manu,,3817,0,3817
marcoz,,3597,0,3597
mari makinami,,3402,0,3402
mario,,3527,0,3527
Maripiko1,,2220,0,2220
Markus,,2242,0,2242
Marlin,,3622,0,3622
marv,,3889,0,3889
masatoshi,,2202,0,2202
Mashu,,2426,0,2426
Master,,3489,0,3489
Mat,,4869,0,4869
MATUS,,3574,0,3574
Mav,,3255,0,3255
Maxarx,,7646,29,7000
Maxim,,3595,0,3595
maya,,4882,0,4882
mayski,,2186,0,2186
meepuru,,2259,0,2259
Megumi,,4100,0,4100
meldy,,2167,0,2167
Splinkle,,6049,181,3709
Menschenie,,3772,18,3536
Messy,,2267,0,2267
mhystys,,3269,0,3269
Miauwcat,,2201,0,2201
Michel,,5013,0,5013
Miguelowned,,3725,0,3725
Mike,,3034,0,3034
Mike Oxmaul,,2269,0,2269
miku,,2146,0,2146
milktea,,3549,0,3549
milkysevens,,1360,0,1360
Milla,,3379,1,3448
Milotic,,4996,0,4996
misoshiru,,2197,0,2197
MizerV2,,2264,1,2292
Mk fh,,3539,0,3539
MK8DX Chobo,,3326,0,3326
Mk8dx_yuki,,3593,0,3593
mk8james,,3646,0,3646
mk8maxi,,3483,0,3483
MKIbra,,6756,33,7000
mktristan,,4863,4,4960
MM,,3456,0,3456
mmm,,2234,0,2234
mokou,,3182,0,3182
mokouliszt,,3499,0,3499
mordexy,,3564,0,3564
morokko607,,2229,0,2229
mp4,,4071,3,4408
Mr,,3715,0,3715
Mr.NurObst,,1865,0,1865
mranimetitties,,3499,0,3499
mudky,,2174,0,2174
mumei52,,2175,0,2175
munini,,3356,0,3356
Mussbot,,2250,0,2250
mutaguchi,,2371,0,2371
myles,,4067,89,2911
Mystery,,3826,4,3270
na2,,2319,0,2319
Nabeyaki,,2357,0,2357
Nakano_Itsuki,,2255,0,2255
nanase,,3747,0,3747
Nanashi,,2577,8,2207
Nanew,,607,5,1000
Nano,,3676,0,3676
Naoto,,2270,0,2270
naruman,,1740,0,1740
narusotsu,,2268,1,2233
narwhal,,2807,0,2807
Nat,,2049,36,2059
natsu63,,3547,0,3547
natsuiro,,3613,0,3613
Neemo,,3659,0,3659
nekousachan,,2331,0,2331
nemesis,,2452,0,2452
nenechi,,1905,0,1905
NeoCytrus,,3723,1,3729
Neomi,,2544,1,2529
NewbieLuis,,3703,76,3117
Tatsuya,,5789,107,5212
Nick,,7000,0,7000
Nico4132,,3765,0,3765
NiGHT,,3167,3,3357
NKG,,2305,2,2407
Niklas,,3479,0,3479
NiKlayDaip,,3035,0,3035
Nino,,4576,54,4072
Niralamus,,1939,7,1912
Nitroco,,5090,,5090
nobu,,2065,0,2065
Nope!,,3550,3,3750
nora,,2218,0,2218
nsdive,,3587,0,3587
Nulls,,2242,0,2242
Nyx,,3389,1,3569
O721,,1883,6,1908
oimo,,3459,1,3477
okimono,,6539,8,6639
Olli,,3990,20,3777
Onion,,3560,1,3659
opa,,3591,0,3591
opam,,3516,0,3516
OpTix,,3526,0,3526
orange,,3436,0,3436
Orion,,2167,0,2167
ouiisticha,,2147,0,2147
Owen,,4931,1,4750
oziel,,3595,0,3595
Pablo19,,4781,0,4781
Panda,,7310,3,7000
Panko,,1922,3,2250
Pardi,,1970,0,1970
Panix,,2599,1,2564
patrickbutsmart,,1705,0,1705
Patsarebest,,1558,6,2250
peas,,2934,9,2849
Pendulum,,3335,0,3335
penguin,,2213,0,2213
Pepe Lotion,,3402,0,3402
Pero,,3395,0,3395
perry14,,2151,1,2350
Mr.Gomi,,3713,8,3847
pi,,2153,0,2153
Pianist15,,6110,42,5949
Pii,,3704,0,3704
Pikky,,4799,0,4799
pillow,,2125,3,2284
pipimi,,3623,0,3623
piyo,,2084,2,2148
Plasma,,2373,0,2373
Plato,,3420,0,3420
platty,,2265,0,2265
plotyuu,,3008,0,3008
plue,,2116,0,2116
po,,6933,8,7000
pom,,3096,,3096
ponpeegannn,,2086,0,2086
ponpegan,,3352,0,3352
popo,,2193,1,2254
popuko,,0,1,0
Pottary,,3109,20,2407
poulron,,3596,0,3596
prilin,,3407,1,3648
Proton,,2179,0,2179
puas,,2980,0,2980
puchi,,2123,0,2123
Pulse,,3741,14,3395
Putofsky,,2683,0,2683
q.,,1999,3,2418
qwertzilla,,1012,0,1012
R1l3y,,2292,0,2292
rain,,2875,1,2995
RaisedNewt42,,2240,0,2240
ramand23,,2137,0,2137
randomguy,,2355,25,2994
Randy,,2257,0,2257
carter,,3411,1,3553
Rasu,,3653,1,3690
rbooher210,,3655,0,3655
Red_hawk_,,2094,0,2094
redmi,,3636,0,3636
reds,,2240,0,2240
reggister,,2209,0,2209
reika,,2268,0,2268
Reinforce,,3769,0,3769
Reis,,2302,0,2302
reluva,,3505,0,3505
remon,,2190,0,2190
Heather,,2113,23,2117
Reptavian,,6060,35,6438
reptil,,3264,0,3264
Rerpoit,,1921,0,1921
resh,,3250,0,2211
Rex,,3554,0,3554
Rhys,,5376,0,5376
Rhys04,,2809,8,3415
Ricky,,3555,0,3555
riedel01,,2119,1,2189
Rjohn1277,,4805,0,4805
RoadToBronze,,3287,0,3287
IhavePants,,4534,59,6043
Roberto,,5331,0,5331
Robotic,,1998,0,1998
Rocketlauncher,,3795,0,3795
Rogue,,3583,0,3583
rokitobi,,3423,0,3423
romain,,3661,0,3661
RomPKM0,,2176,0,2176
Romsu,,4986,1,4880
RomyY,,2362,0,2362
rookie,,4895,0,4895
rosee,,3450,0,3450
Royourboi,,1988,2,2277
roze,,4895,0,4895
rrvipex,,3550,0,3550
Rube0la,,2133,0,2133
Rukawa Kaede,,3763,3,3929
Rumona,,2925,4,3292
ruzgar,,2162,0,2162
Ryan,,2226,0,2226
Ryan (UK),,5599,1,5685
Rylan,,5028,8,5362
ryokucha,,1789,0,1789
ryosu,,2044,,2044
Ryotchi,,4983,0,4983
Rype,,2094,0,2094
ryu,,3328,0,3328
S3mmie,,2005,1,2055
SA,,3205,1,3468
Safranek,,1608,3,1785
SaGaR,,3115,0,3115
Sage,,2248,0,2248
Saika,,3619,0,3619
sair,,3134,2,3313
sakakun,,4857,0,4857
sakuran,,2309,0,2309
Salmaan,,2119,0,2119
Sam,,3200,0,3200
sam03,,2063,0,2063
Sanctity,,2343,0,2343
sand,,2242,0,2242
sara,,2295,0,2295
Saru,,3828,0,3828
Sauci,,2204,0,2204
Saunajuggling,,3183,0,3183
saunakun,,3322,0,3422
Sav,,4494,8,4340
scartax,,3713,0,3713
Schlatt,,6261,12,5921
scorch_lukeyboi,,2195,0,2195
Seb,,3425,1,3421
Sebasloria,,3495,0,3495
Senoucy,,3406,0,3406
serpent,,2228,1,2259
ShadowMK,,3866,39,4153
Shaketo,,6836,4,7000
shawger,,3560,0,3560
sheat,,3116,0,3116
shingo,,2522,1,2356
shino,,3532,0,3532
Shishio,,2084,1,2237
Shiv FPS,,3406,0,3406
sicibami,,2028,0,2028
SiDobu,,3623,0,3623
Silver,,3340,0,3340
Depeche Mode,,4483,45,3014
Simon F,,3616,1,3646
sinic,,5275,30,5237
Sirbubblechu,,3804,0,3804
SKaR,,7030,45,6602
sketch,,3874,2,3843
Skilli,,4550,44,3514
SMOrc,,2835,2,2764
smrtt,,2160,0,2160
Smudey,,2393,0,2393
SNeaZy,,1730,6,2338
Sneez,,2213,0,2213
Snowy,,2242,0,2242
Sofida,,4592,0,4592
Soito,,1912,0,1912
Somen,,4756,0,4756
Sonkase,,3514,0,3514
Soren,,3744,0,3744
sornano,,2330,0,2330
spaceranger,,3613,0,3613
Sparks,,4902,0,4902
Spitzspatz,,2051,0,2051
iiRxl,,10303,79,7000
Squadling,,2516,43,2207
Squigly 17,,842,,1000
SSJona,,2284,0,2284
SSO13,,3547,0,3547
Ssoonhari97,,1876,8,2482
stableble,,2057,0,2057
stack,,6326,0,6326
Stanl,,3362,0,3362
StanleyCracker,,3811,0,3811
Starlow,,6025,0,6025
StarScream,,4249,10,5255
starxlx,,5630,4,5222
Storb,,2019,5,2254
strykounet,,3463,0,3463
Suga,,2094,3,2322
suityan,,2357,0,2357
SUPPORTBOY,,3472,0,3472
SUPREYYY,,2202,0,2202
sutera,,2930,0,2930
suterna,,2398,0,2398
suwako,,3810,80,2131
Suzune,,3208,4,3514
sweecheat,,2270,0,2270
sxr,,3635,0,3635
Sylas,,3382,0,3382
futlmanutlnsees,,3435,25,3496
Sypher,,3929,0,3929
tacchan,,2280,0,2280
tacos,,6467,10,5829
tagnonfury,,2160,0,2160
taiga,,3396,5,3570
TaKao,,3332,1,3512
TAKT,,1904,0,1904
Tane,,4481,64,2250
tapio,,2254,0,2254
taroniki,,2257,0,2257
tashagamer,,2958,,2958
Tax,,1705,0,1705
Teach,,6642,146,6977
Technical,,7129,51,6976
TeenTykan,,2211,0,2211
Teihko,,3654,0,3654
Temo,,3547,0,3547
Temp,,3513,0,3513
tenkyu chimata,,3567,0,3567
Tenuto,,3616,0,3616
Tetra,,5619,15,5838
Th0mas,,3774,1,3813
Thast,,3752,0,3752
the,,2155,5,2047
theo,,3744,0,3744
theta_k,,4909,1,5016
Thomas,,6167,6,6135
tim,,3119,5,3637
Timber,,2338,0,2338
TimkarioCS (GER),,2697,6,3335
tirins,,3102,0,3102
Toad,,4436,0,4436
Toast,,3485,0,3485
Toes,,1251,0,1251
Togepilovesnug,,4298,12,4489
Tommy,,4066,0,4066
tomo,,4941,0,4941
tooca,,2169,0,2169
TORs,,3619,0,3619
torspec,,3475,0,3475
Toshiki,,6836,42,7000
toshiro!,,1622,0,1622
toxic,,3188,0,3188
Toxiclilly,,3489,0,3489
Frosting381,,9392,151,7000
Tripz,,2212,0,2212
tris,,2953,21,3730
Tromtendo,,3635,1,3738
True...,,3599,15,3553
tune,,2274,0,2274
Tungsten,,1538,1,1704
Ty,,7015,25,7000
Tyaru,,2160,0,2160
Tylerrr,,3308,3,3355
Ukina,,1985,4,2295
ulvind,,1885,0,1885
UmmGrant,,3497,0,3497
UNO,,2938,0,2938
usedbun,,2046,0,2046
Usual,,3225,0,3225
Val,,2499,14,1904
Valer,,5219,0,5219
Veccy,,5093,0,5093
velg,,2176,1,2168
Venu,,2275,0,2275
Verlust,,3147,20,3143
vesper,,4712,1,4957
vestoga,,3339,0,3339
VET,,2167,0,2167
Veyron,,2094,0,2094
vie,,2303,0,2303
vincent,,2290,0,2290
VIPEX,,2242,0,2242
Vonz,,2082,1,1950
VTpooks,,3559,0,3559
Wainaina,,3774,0,3774
Walksacred,,2073,0,2073
WaluigiGaming,,2980,31,2027
warabimochi,,2223,0,2223
wataru,,3510,0,3510
wausie,,2703,0,2703
Weevil,,3596,,3716
silly billy,,2804,36,2538
Wet Owl,,1333,8,1701
Whippy,,4368,0,4368
Will_,,2125,0,2125
wime,,3457,0,3457
winter,,3538,0,3538
xakob,,2312,0,2312
xAlex,,2160,0,2160
xander,,3712,0,3712
xel,,2251,0,2251
xen,,3420,0,3420
xenon,,2665,0,2665
Xeter,,3745,0,3745
xi jinping,,6874,1,7000
xylix,,3061,0,3061
xzoreins,,2138,0,2138
Y146,,6087,0,6087
yakob,,3345,0,3345
YamapiJK 17sai,,2292,0,2292
Yolo420forestt,,2216,0,2216
Yordi,,1504,0,1504
Yoshi,,5256,0,5256
ObesoYoshiraMK,,8326,86,7000
Yoshiskyblue,,2467,7,2494
yotto,,2383,0,2383
You,,3517,0,3517
youkunmogi,,2372,0,2372
yousuko,,2121,0,2121
yowashi,,2252,0,2252
Yui,,2082,1,2250
Yuki,,3819,0,3819
Yukia,,1801,0,1801
yume,,3568,0,3568
yuna,,3257,19,3579
yurie,,2179,5,2250
yuuki,,3657,0,3657
Yuutaka,,5172,0,5172
yuuya,,3507,1,3598
YuY,,3991,0,3991
yuyu,,3599,0,3599
yuyuyu,,4984,0,4984
yuzu,,2249,0,2249
yzyt,,2225,0,2225
zachypoo,,1891,4,2267
Zal,,3806,66,2449
Zay,,2571,11,2333
Zay ?,,2208,0,2208
Zbloodz,,3506,0,3506
zeal,,2260,0,2260
zedrum,,3562,0,3562
Zee.,,2126,0,2126
Zegaltherookie,,2052,0,2052
zekirio,,2307,0,2307
Zenith,,4073,0,4073
zeren,,2195,0,2195
zeta,,5064,14,5094
kiba,,4339,59,2778
zill,,2284,7,2250
Ziner,,5352,0,5352
ZKING24,,3400,0,3400
Znowa,,2289,0,2289
Zooms,,3630,0,3630
BMW M3 GTR,,2830,27,3243
SG77,,2100,1,2250
Marusu,,2069,1,2250
pinoko,,2069,1,2250
Yasn,,1954,4,2250
Rod,,3750,0,3750
SirDozent,,3250,0,3250
GamerJohn,,2351,3,2250
Schism,,1752,12,2250
Dustin,,2016,3,2250
Shirakami Fubuki,,3287,2,3250
Quest,,2061,1,2250
Yanagi,,3868,2,3750
ain,,3844,1,3750
popuko,,1,0,1
popuko2,,1,0,1
popuko3,,1,0,1
popuko4,,1,0,1
popuko5,,1,0,1
popuko6,,1,0,1
popuko7,,1,0,1
popuko8,,1,0,1
popuko9,,1,0,1
popuko10,,1,0,1
popuko11,,1,0,1
popuko12,,1,0,1
bjorne,,190,6,1000
Sonics Soul,,772,2,1000
Bomm,,2098,1,2250
Luigi_Fan2,,5208,2,5250
Cantemor,,2192,1,2250
YOS,,2144,4,2250
Espurr,,4750,0,4750
JaSon,,2328,1,2250
Cyan,,1950,4,2250
takenoko3,,916,1,1000
kjgd,,2287,1,2250
shen,,2398,14,2250
Dorian,,2177,1,2250
Maiku,,2017,5,2250
Fennel,,2046,1,2250
kariz,,2088,1,2250
Warp Star,,3538,5,3750
qooo,,3505,6,3750
ef.,,2070,1,2250
D.,,1840,3,2250
Koknut,,3698,2,3750
Potter,,2235,1,2250
Polar Bear,,2132,2,2250
Lucky,,2115,1,2250
Useful Idiot,,4024,1,3750
laki,,3131,4,3250
waruwobu,,2009,4,2250
Kwen,,1899,3,2250
mercirou,,3657,3,3750
Red Sheller,,2286,1,2250
emanon,,2029,3,2250
sympa,,2311,4,2250
Cube,,2138,1,2250
RAZER,,2497,2,2250
MayTea.,,2173,,2250
ddd,,2183,1,2250
magician,,2218,1,2250
Dxmi,,2147,10,2250
roc,,996,2,1000
nise,,3818,3,3750
zoe,,2141,2,2250
mack,,801,4,1000
riotyu7,,3700,1,3750
Degguma,,907,2,1000
JT Tunes,,549,13,1000
RobertoRK,,3703,2,3750
riku,,956,1,1000
2wll,,3540,5,3750
Ezra,,967,1,1000
Dorano,,918,1,1000
Subleaf,,726,4,1000
bigdragon538,,2234,1,2250
en,,2201,1,2250
shy_guay,,2125,1,2250
Calzonian,,2257,1,2250
Princess Dakota,,1964,3,2250
Looygi,,2055,1,2250
Jakob,,822,1,1000
korN,,908,2,1000
mourn,,967,1,1000
Dragon,,2297,3,2250
Drix,,1199,5,1000
KinoWav,,2998,13,3750
BIG Willi,,2100,1,2250
Dippiedaan,,2000,1,2250
passionrock,,777,2,1000
Heast,,2224,1,2250
Onomatopoeia,,2279,1,2250
Deffy,,2063,1,2250
ksherr0,,690,2,1000
HirasawaYui,,2240,1,2250
Triv,,2163,2,2250
AidanJames17,,2188,1,2250
pio,,966,1,1000
Kalys,,889,3,1000
ABS,,2218,1,2250
scott is,,2151,1,2250
haru...,,909,1,1000
brandvb97,,999,1,1000
Joronimo,,2189,3,2250
Taniguchi,,2245,1,2250
Gazza,,956,3,1000
TFF Shag,,920,1,1000
ELeN,,2164,1,2250
Nabe,,2186,1,2250
hinrg,,2216,1,2250
Anpan,,935,1,1000
Hungrybot,,948,1,1000
gomigomi,,3822,3,3750
yuru,,2102,4,2250
ace_mk,,968,1,1000
mksam,,792,2,1000
Mejary,,3240,2,3250
Koup,,962,1,1000
JordanStroup,,853,2,1000
ABYSS,,2140,2,2250
shigrain,,2086,2,2250
8p,,2193,1,2250
uyu,,837,1,1000
Rame,,2146,1,2250
Ashli,,2317,3,2250
W247A,,2089,2,2250
Sabolo,,2188,1,2250
seline,,1771,4,2250
uminosachigames,,2192,1,2250
orichan,,2142,1,2250
gaimo,,2222,1,2250
Kerberos,,2182,1,2250
JusX,,2306,1,2250
Andie,,889,1,1000
Bersan,,949,1,1000
Denis360,,2274,1,2250
Xenoph,,930,1,1000
vinnie,,941,1,1000
tristan2,,877,3,1000
ZekeMKW,,2121,2,2250
Maelcattet,,878,6,1000
Jamy,,2138,3,2250
kento,,2188,1,2250
Alfnz,,780,3,1000
Molobio,,2212,2,2250
EthanBlue,,432,5,1000
fenril,,795,3,1000
3-Up,,4493,2,4750
Kommandant Mo,,2015,4,2250
tari,,3840,2,3750
CoreyOreoz,,616,5,1000
Konsaiii,,3712,1,3750
Balakay,,879,2,1000
butterbutter,,917,1,1000
559,,1005,1,1000
FloaufmKlo,,2291,1,2250
Maple,,2190,1,2250
Wolfey,,822,2,1000
DMC fiummmm,,3752,1,3750
FranSN,,3691,1,3750
