mustea,,,
LawrySauce,,,
royal,2286,2286,
Tyler,2199,2205,2199
DUGO,3553,3553,
vantox,2413,2250,2413
Marlin,3273,3273,
JPGiviner,4993,4825,5116
Jakearoo,3199,3199,
Jorge,2225,2250,2225
Rukawa-Kaede,3379,3379,
Ry,,,
Cynda,4200,4303,4200
Diogo,2345,2259,2345
blaze,3205,3237,3205
arti,3114,3164,3214
jxesenee,2179,2179,
Reptavian,5101,5101,
Forgiven,1135,1135,
Yassine,,,
The-Vortex,2316,2250,2316
RonnieColeman,,,
Ulvind,1703,1703,
up,,,
Play,3506,3506,
SmoothMagikarp,,,
ember,6300,6300,
RallyingCryof,,,
aiko,708,1000,853
ducky04,2150,2250,2271
katatatat_,1000,1000,
moilt,,,
Craig,,,
Shady,,,
Hydro,3200,3200,
robbec_,,,
200CCINTACCOUNT,3903,3750,3923
Mike,2832,2832,
Spoiled-Sushi,,,
Devoty,4381,4381,
Alex,4103,4222,4218
Alpaco,9031,7318,9031
aceplaysmk,202,1000,915
scottyyy,2121,2121,
Void,,,
Vador,,,
Wook,,,
RucKuS,1666,1666,
Zorm,3352,3352,
spafiable,994,1000,994
demani,2770,2770,
Liight,2900,1977,3418
bran,2228,2228,
Turbz,,,
Yellowfish,2119,2119,
Fez,,,
Helion,,,
Joeey,2964,2964,
Alen,2871,2871,
DropBear,,,
Serling,3809,3750,3809
Reflex_i,2577,2310,3148
kylemckell,,,
yvonnegone,,,
crazii,,,
Spectrum,2175,2175,
Valentin,,,
Schism,2205,2648,2522
Xenoph,1254,1254,
jacob,2042,2250,2144
themiguelps2,,,
Pablez,,,
Seb,2692,2908,2787
lamellae,823,1000,904
torrezinho,,,
driverseati,,,
$Chim,1730,3154,3008
Aoba,3173,3173,
Toshiki,5235,5343,5398
Roberto,4555,4555,
sketch,3320,3320,
yuna,2990,2990,
Silver,3061,3061,
HeeHaw,2906,3062,3007
Nelly,,,
Aless,1942,1942,
smiley4,2294,2250,2294
laToiture,3245,3245,
Quake,,,
Kr0g1,1051,1051,
miitchel,,,
Doodle,4310,4442,4383
Nick,5608,5731,5608
Fritixx,3578,3562,3578
SlimBiscuits,694,1000,939
popuko,977,1000,977
rain,2803,2803,
Madgasket,,,
indignatia,922,1000,922
stanza,927,1000,927
nicolocom,,,
zeta,4309,4309,
lazymuch,2078,2250,2204
Elisa,,,
Spyrosh,1259,1259,
saalva,693,1000,1064
ugi,1561,1561,
Smiggy,,,
jk,2176,2176,
Haupi,3590,3590,
Leon,4361,4435,4392
DEMERN,,,
acetman,3828,3750,3828
tomgoldenshark,,,
twingy,,,
christianyoung,,,
mrdontonhong,1007,1000,1007
Bilal,2230,2230,
Technical,8902,8000,9463
mali2e,9177,8000,10024
Dayem,4374,4374,
Lylac-WSG,2219,2219,
Nothing-at-All,1212,1212,
Kil,2311,2311,
fredWAZZ,,,
Maxim,3253,3253,
Kayne,3424,3245,3424
Faithium,1198,1198,
KINGZETA,,,
WiiMik3,,,
Berglund,,,
Fay.,2187,2187,
PillowHands,1282,1282,
Lef,2504,2509,2607
Arquemacho,,,
cy,3611,3611,
Eru,4044,4125,4157
xViiRuS,,,
upprl,,,
Sting,4549,4549,
macOS-Monterey,4184,3771,4184
majin,6289,5827,6515
Erickfree,7745,6994,7772
untuned,801,1000,986
ConnieChristmas,,,
Gilberto,,,
Joeri,3010,3010,
Tonyx,3327,3299,3327
Gordon3,,,
Yuno,,,
Naranjitroll,1025,1025,
Albi,3404,3523,3604
diarkia124,,,
Aplex,3992,3992,
Zabor,,,
LGgame,,,
wowwowdogs,,,
Martastic,,,
Dragonod,,,
Ziner,4321,4321,
skrillirexi,918,1000,918
Misterkister,1578,2250,2250
jjtugerson12,,,
atome,858,2250,2185
Cuky,3193,3193,
Deci,4124,3988,4189
darkchaosuk,904,1000,992
TROY,3556,3556,
Pats,1712,1712,
Traviss1,318,1000,926
vpathatsme,850,1000,850
kennabis,,,
leo.,2063,2063,
AwesometheII,1876,1876,
False-King,1418,1459,1554
Frozone,304,1000,922
Toad,3782,3690,3782
Crabby-jacob,1133,1133,
Yasaka,,,
dynamitenate,,,
zpopel,2447,2447,
aryhn,2386,3750,3825
joshua,,,
melontaste,2507,2726,2507
Riku,1273,1273,
kjgd,1798,2002,1898
RGames,1250,1250,
Hermes,1350,1350,
Pottary,3173,3173,
dirtyfeet33,4163,4661,4898
Kyorai,3260,3260,
ELAINA,3852,3852,
Troita,,,
JaSon,2302,2302,
Dylan-718,2924,2924,
WillCookie,,,
Niko,,,
JulianSMM,5546,4125,6214
Nato,,,
jaacksonn,2073,2250,2203
VanillahZ,2169,2250,2169
Plasma,2336,2336,
Danny-Fathom,2929,2929,
Fernando-Moritz,1204,1204,
goldbergpxp,446,1000,895
foh,1000,1000,
carter.,,,
Kevix,,,
Pii,3332,3332,
Brandon,5378,5258,5378
Deshawn-Co.-IV,5962,5853,6036
Siboire,,,
Nyx,3121,3016,3121
K4I,5596,5548,5596
Guyal,3200,3200,
Tris,,,
Soren,3364,3364,
NUSEVV,1242,1242,
Flooidity,,,
3-UP,4574,3011,4665
chopsticks,,,
Eli,2252,2252,
Equi,,,
Frantzy,2038,2038,
Whaleson,,,
notwooloo,,,
Paino,1961,1961,
IceHawk,3347,3347,
renox24,,,
Ktpg,,,
dissidius,,,
goostkiller15,,,
ocellcanari,,,
dej,,,
DuHastMich,,,
smelvin,1125,1125,
chesterthegreat,,,
qwacks,2050,1982,2163
Gravytrain,1257,1257,
sokkenmens,,,
SuperFX,,,
jerroi,,,
Toad_,3883,3883,
victoras,,,
Tagnonfury,2108,2108,
LilYungoosOfEvil,3022,3022,
BIERRO,3246,3246,
pizza-man-saler,,,
Thomas,6447,5626,6447
spicysauce13,,,
Tony85,,,
unbanpom2tere,1215,1215,
pumasrevenge,,,
dan,3241,3241,
Fox04k,2993,2993,
pythoncoder420,919,1000,919
Dylan-49,1734,1911,1734
ciovo06,2002,2250,2463
fbs.sms,938,2197,2499
firasu,1213,1213,
Drix,4089,1662,4176
Zquka,,,
Flowx,3174,3174,
Tanguy,2371,2305,2371
nonos,,,
Euanfanboy,2699,2901,3020
BNYX,4823,3750,5987
Luxrod,,,
Jerlortie4,1918,1918,
qtjacob,,,
AlliTt,,,
shoggs,,,
R1l3y,2093,2275,2201
zyphru,2367,2250,2367
PrinceBlanc,2064,2064,
Walksacred,2111,2111,
chillie43,682,1000,943
Onion,3154,3154,
MatthewG371,1277,1277,
alezos,879,1000,879
daikenkii,1420,2250,2143
Yean,,,
Starisma,,,
Sebouille,,,
Roxanne,,,
HolyShiftKid,2587,2587,
LitanyOfBoredom,,,
alpha,5741,5524,5741
Shiba,,,
Ultima,3174,3631,3489
Layne,,,
FAHIM,2215,2215,
Pero,3103,3103,
Wainaina,3387,3387,
Oziel,3253,3253,
...CrazyKrisi...,1396,1396,
Miguel,2285,2285,
RobertoRK,3302,3334,3302
HoennChamp,2308,2308,
alo__,,,
Orion,2182,2182,
milololo1,,,
GabriYoshi,,,
James,5544,5544,
dandhi,,,
vava,,,
Glaci,,,
caleeeeeeb,,,
Rjohn1277,4160,4160,
Aradeos,3247,3247,
markasplays,2141,2250,2141
vesper,3973,3973,
GinjaNinja,,,
Guti,2969,3254,3069
nickito,964,1000,964
JusX,2286,2286,
Dkja,,,
Clemy,2355,2534,2503
Valer,4101,3750,4306
!NetflixMain,848,1000,848
Kayden21,,,
Pommes-Panzer,2656,2656,
Long-Cox,4537,3734,4737
EHRENLOS,5572,5809,5848
HeatHed494,1888,2155,2030
j3llyzz,,,
Juni,,,
Luroh,1000,1000,
Titanias,,,
ScarTax,3778,3436,3922
NiGHT,2656,2795,2729
miguelmae,,,
Yeff,1039,1159,1039
zzzzzzz,1922,2218,2213
jounouchi,,,
Bugz817,1217,1217,
aneshi,,,
Shiny-Wooloo,2309,2309,
ToffeeSamurai,,,
peng2n,,,
novA,,,
Gerard-Way,4477,4801,5326
knoeppel,,,
bumbibjorne,,,
Waleed,,,
Tristan-AKA-TJ,2248,2248,
codexcotton,,,
Rod,3664,2996,3707
panduamore,,,
Swimper,,,
perig,,,
Outer417,,,
Clement,,,
mist,,,
lemon,4764,4764,
SWave150,,,
Lufra,,,
ginnan,4239,4239,
miaouxence,,,
Mat,4208,4208,
HOG-RIDAAAAAAAAA,1901,2085,2098
Kabkal,3192,3192,
myles,5516,3746,6608
dylanarmstrong,,,
moa,,,
Jairby,2259,2259,
kmbxd,925,1000,937
Robert-Porridge,2029,2250,2184
callumsco,,,
myjel,862,1000,920
icey_sadbino,882,1000,900
Chippy,2148,2148,
Arveal,3218,3218,
WxlfieLL,,,
joek,2302,2250,2302
TSBiggs,819,1000,973
!--------------,,,
Ayanokoji,,,
Michel,4316,4316,
Mr.Gomi,3147,3269,3147
Zay-?,2212,2212,
Enri,2851,2686,2975
Panix,2506,2506,
BakaBitch,1079,1079,
hoermih,1536,1443,1536
SymbolicNightma,355,1000,893
nanew,3900,3941,4290
Cyns,2009,2287,2189
Aventura,2200,2200,
Tylerrr,2772,3037,2930
Hedgi,2486,2413,2486
Marv_Chan,3331,3331,
jtkepic,,,
gurosu,,,
Maple,2199,2199,
lilstump,,,
sinseiga,720,1000,911
Remy-S,,,
Emarie,3064,3064,
ANITA-MAXX-WYNN,5766,4378,5848
doggy512,2114,2250,2217
8utt_e,,,
Badders,858,1000,858
Ruins,,,
tornado,2275,2250,2314
kirino_99,,,
pans,,,
DarkDave,4507,4507,
kuppet,,,
Cocozie,3051,3051,
Francis,2313,2250,2428
yume,3232,3232,
Dinde!,,,
Sempra,,,
yuyuyu,4294,4294,
7anner,,,
RockDude,,,
tebukuro,,,
Benjax,3230,3230,
SirBubbleChu,3409,3409,
jay,2982,2982,
StarScream,3637,3637,
Rylan,3680,4035,3953
semain_8234,996,1000,996
Noctambule,,,
ZeKirio,2287,2287,
Gabey,933,1000,933
YUKIMIYA,8141,7909,10347
Spitzspatz,2049,2095,2069
DirtyFeet09,4435,3760,5308
enz,4522,4522,
nsdive,3247,3247,
lukodeluz,904,1000,904
Pulse,3406,3469,3406
FourFifty,,,
Aguacatelino,1154,1154,
Empex,1979,1979,
Sofida,4000,4000,
tune,2262,2262,
Dileo,2250,2250,
jyzu,3196,3196,
iBeDoobert,2083,2278,2083
kartoons,,,
Franz,3220,3220,
teszmon,,,
aa3037,1015,1000,1015
electric1916,1928,2250,2308
SquidDude,,,
Breezey,1561,1321,1870
Razz,,,
Dario,2003,2003,
rayzopp,2175,2250,2263
nlanson,,,
Will_,2150,2150,
ponpegan,3070,3070,
MODULAIRE,2034,2034,
Dorian,2189,2189,
Josef,1129,1129,
cassy13or,886,1000,886
Alberto,5775,4534,5775
turmbsk,,,
Kosta-Vesta,2249,2249,
bow,1231,1231,
annalise,2954,2954,
Nakiri,,,
Salmaan,2146,2146,
rpps,2268,2250,2268
Bugtussle,,,
Joronimo,2198,2198,
schmosby,,,
Maple-Cwelly,2746,1929,2923
RandomR123,,,
romain,3144,3302,3455
crusader_knight,,,
Mussbot,2244,2244,
Eldritch-Leaf,,,
sentinel_spl,,,
Wave-TLS,2302,,2302
Eji,5245,5245,
Mudky,2027,2187,2027
ingite,2002,2002,
ProfessorShyGuy,3399,3399,
hydreix,,,
Alpha/Omega,5661,5661,
wasp,2399,2250,2399
Tax,1835,1835,
ins1ght,1254,1312,1254
Vadabonez,,,
xTrillz,2213,2213,
season,3134,3134,
rorb,,,
Zamazenta,2029,1576,2029
JACK_,,,
bobby,3839,3986,4141
Spectro,,,
Teqzo,2262,2262,
zman_m,,,
Ectross,2578,2578,
Hungie,,,
lepotealakompot,,,
Antiant,2128,2128,
darkboy365,,,
sshort,,,
JakeTown,,,
jpitt_,998,1000,998
TanSanTube,1873,2185,2278
OldManPaperBox,,,
JKsonic,2215,2215,
Sonics-Soul,1135,1135,
kayzzy,2058,2250,2124
Element,471,1000,833
Nevanator2005,2227,2227,
rythmiki,1,1000,997
LAze,2143,2250,2143
GrapeDeezNuts,967,1000,967
GamerJohn,2309,2309,
AisforApple,,,
Ty,4822,5452,5903
SUPPORTBOY,3160,3160,
gabexyz,,,
Kilopoppy,1376,1376,
Soma,5347,5250,5531
fantasticjoel03,1722,2250,2202
Alsterboy-(UK),3823,3823,
cizzbor,841,1000,841
Anubis,2033,2033,
unicouniuni3,2046,2046,
loonablitz,2239,2250,2340
orange,3133,3133,
v4n_tanguy,,,
droogles,,,
Polar-Bear,2155,2155,
Erik,4077,4077,
twinkstriker,1959,1959,
theta_k,4238,4238,
Paulita-Paulita,2290,2290,
shroomz,2247,2250,2247
Suzune,2962,2962,
thebljelite,3573,3750,3771
mcbeepers,,,
pilotaraflo_,,,
remon,2199,2199,
timdrowf,,,
Milotic,4303,4303,
ritton,,,
Sku,,,
zinj,,,
Felix.,,,
SSJona,2269,2269,
master64,2963,3750,4066
Harry,4885,4536,5528
Bayesic,1950,2250,2284
Hazen,3223,3223,
beta,4332,4332,
Derguez,,,
ElJeh,2220,2220,
JXMP3R,,,
Joaquinado,3146,3146,
koda4,,,
chocolain,735,1000,948
W..,,,
natsuiro,3266,3266,
rizumikaruna,,,
Bowen,3108,3384,3391
Hiinto,2263,2263,
Xray,2254,2250,2254
Vladi_19,,,
noahsx,,,
virox,,,
IbimsSteve,3196,3196,
midknightvi,945,1000,945
mickeyvonz,,,
Solar,1561,1561,
Towel-Boy,1815,1894,1981
J3RRY,,,
Elmer,5738,6325,6303
Phobos,1004,1506,2068
tomiedronie,1064,1000,1064
Puas,2791,2791,
ultra,,,
Sloppy,1226,1226,
Fuiyoh,3152,3242,3252
Drewsome,1205,1205,
Sylveon,1215,1215,
Oca,,,
KJNeo,,,
Panda_,,,
Znowa,2273,2273,
Yoma,,,
Panda,6039,6039,
YouNonce,,,
FakeFireAYAYA,1584,1705,2155
Tr4sh,5096,3286,6364
sigmagalphaeta,,,
Alexis-Bonsoir,2481,1924,2481
Weevil,3253,3253,
HealTy,1926,1926,
solid_bot,,,
fusion,,,
TepigMK,3451,3451,
reggister,2213,2213,
jokeemperor,859,1000,859
jack.,,,
UmmGrant,3179,3179,
Draygo,1810,2006,1892
Daichi,4432,4432,
Pqnda,887,1000,887
carnation,2198,2198,
SKaR69,4559,3942,5473
Chadofy,2497,2850,3033
joecalmatt,,,
Mirsad,,,
kohl,,,
plotyuu,2812,2812,
aito_,2296,2250,2296
RomPKM0,2188,2188,
Runingfree,,,
Michael,5018,4144,5040
Kurugaya-Yuiko,3121,3121,
_dokke,642,1000,861
Neo,2062,2250,2202
neonblackbatz,776,1000,876
Melril,2161,2161,
RogerLeCrapo,,,
Hanako,3059,3263,3156
angelodallmag,2240,2250,2313
Shishio,2119,2119,
Schmackofatz,5276,5011,5369
Thast,3370,3370,
RumsteakChopper,2073,2073,
rythmn,,,
Kamou84,1000,1000,
konkon,3926,3926,
thefreki,,,
sabaon,,,
Vital,,,
FB30,3093,3129,3335
Will_Boss_Gamer,2361,2250,2553
Ethan,2528,2641,2528
SilentG(BillBe,,,
MarkyMark,,,
cornetboy,765,1000,932
Squid,1050,1050,
aklepzi,1973,2250,2155
MikeG,1781,1781,
Paizuri_guy,,,
Ricky,3167,3223,3167
amer_killa,1,1000,1089
Lucazs,1729,1918,1872
Maxarx,5848,5925,5848
Bored_Bee,,,
sebass,2079,2079,
DNox,,,
TV-Girl,4790,3140,5541
CGamer,2188,2250,2188
Gazza,1273,1273,
kagayakaurora,,,
benty,,,
cosmicbongos,,,
yurie,2191,2191,
JULIA,3227,3229,3342
DobiLee,2093,2093,
xale_mk,1958,2250,2118
LM987,2767,2767,
Zerg,4423,4423,
xerneasyveltal,2116,2202,2116
totsukant,1004,1000,1004
Pianist15,6288,5073,6551
Yuki,3421,3421,
gecko491,1935,,2165
Kokoru,2185,2185,
Klefki,3208,3293,3219
Laufey,3799,3750,4431
Toes,1495,1495,
kwartz,,,
heidi,4082,3832,4586
Garch,2122,2122,
Thomas,5182,5182,
funkirbo,,,
Pablo19,599,1000,953
NeoCytrus,3349,3349,
nibsmcgee1,,,
kanochanein,2170,2170,
Louie,2229,2250,2229
SmortTTV,2182,2182,
PRB,1919,2218,2320
SNRobi,,,
balrung,2201,2250,2201
Zekken,2065,2065,
4laps2win,2020,2020,
randomguy,2388,2388,
redzer,2262,2250,2262
neb,940,1000,940
sheat,2893,2893,
CATUS,2072,2072,
yuneneAkC,2079,2272,2079
zeon,2128,2176,2128
tobitheu,866,1000,866
-fukou-Kuru,2119,2119,
pikachad,174,1000,867
Gabrio,1261,1261,
magician,2220,2220,
Banana-Royale,,,
Noodlez,,,
Rex,3222,3222,
81Speedy,,,
Deaf,,,
colon-three,1924,2196,2316
blahaj,9394,8000,9595
Ralphie614,,,
akak1ra,3195,3195,
WhiiTy,1690,1878,1767
murmelin,,,
Icee,2510,2579,2510
Shimaa,,,
Flxz,1279,1222,1279
critter,3244,3244,
benten09,8,1000,972
tashagamer,744,1000,874
Joshi,,,
Niralamus,3697,3266,3979
Cachondo,,,
kairu,,,
Soito,1976,2010,1976
Xewo,4022,3750,4022
ImAcebtw,,,
Lechu,2315,2315,
Seetherly,,,
Zoomerkid7,,,
Danielle,3352,3352,
YuY,4159,4159,
UNO,2760,2760,
stevezero,838,1000,838
Liv,918,1000,1063
tormi,,,
guitovh,1832,2112,2017
JSouth887,,,
vszxx,,,
Kikii,1800,2022,1913
Hugoman7Hugoman7,2317,2317,
Mega,,,
lolo_BZHrenard,,,
Ast,3357,3357,
vxrded☆,1188,1188,
abriel,2257,2257,
Stealth,,,
RJPiper,,,
Syphilis,2359,2359,
Rini,3655,3620,3745
Morgana,892,1000,892
:3,1801,2250,2127
ddlc_fan18,,,
Yiyo,,,
Phoski,,,
crazyminermonkey,901,1000,901
Nabeyaki,2324,2324,
Default,2307,2307,
Sam03,1747,1807,1747
strqfehh,,,
Lukey,1900,1904,1900
SideB,,,
ILYF,,,
Fran,3094,3094,
solaria1,,,
Pink-Gold-Beans,1811,2032,1918
somen,4123,4123,
Toast,3170,3170,
Niklas,2770,3166,3017
Cujo6428,,,
Realm,299,1000,862
MarKuSsus,2204,2250,2204
B.-Header,2360,2250,2360
bri,,,
lilith,,,
llamaddrama,,,
hemmzk,,,
Dxmi,1509,1827,1879
Y146,5122,5122,
Naticus,4684,4259,4981
Zacare10,900,1000,900
urabe,6105,2250,6877
josh3780,2138,2138,
ChillenGuy,,,
hayabusa,2035,2035,
SlapShine,2327,2250,2327
.yla,5833,2177,6795
antisophista,,,
Bersan,333,1000,1477
vFerret,,,
ninjaxgamingYT,1097,1214,1372
Eleenagbr,,,
Manu,3419,3419,
Shenmue,,,
Martehhh,2191,2191,
Blu,2218,2250,2218
Lemoneid,1000,1000,
gxbry,8702,5719,8702
Snowy,2238,2238,
ejenah,,,
Bland,2191,2191,
MKIbra,5026,5100,5026
Floppa,3,1000,779
MOIST,578,1000,971
Mr.SaGaR,2106,2106,
Ben.,,,
TaqtikAL,1313,1606,1655
beriberi,2264,2264,
aleformula,,,
mopeevenmore,911,1000,911
lego_496,,,
geso,2143,2143,
Sand,2099,2099,
Laura^^,,,
XI7,2186,2186,
Dripzy,2477,2477,
emanon,2078,2078,
youkunmogi,2335,2335,
JZ,2101,2101,
fatewish,3,1000,930
sleepynator,887,2250,2207
pokeypancake130,,,
Joel-M8,2427,2585,2586
gio,3369,3369,
BirdmanGamez,,,
furroslay3r,,,
Foreigners,949,1000,949
TrippleTrub,1180,1180,
gyrodos,5356,4081,5356
feelingmyoats,842,1000,937
ryastoise,,,
Chika-Takami,5824,5414,6156
joeyfirehead,819,1000,926
supremedude44,769,1000,923
moneycat,,,
Emans,3087,3087,
Lusion,2074,2250,2224
chaserr,,,
Laquon,6548,5407,6846
lLucer,1249,1249,
Spaceboy,,,
Usual,2975,2975,
Azenix,,,
llikeexisting,850,1000,850
lilioon,1868,2250,2219
last_order,,,
Fatality,2221,2221,
Preston,,,
Kirbyx,1000,1000,
raauldlg,755,1000,928
andromeda,,,
Flo,2440,2248,2440
McDoI97I,,,
Eren-Yeager,5249,5329,5249
Menschenie,3688,3688,
_,,,
ethin,,,
Denden164,,,
ya☆DuduTM,1225,1225,
SkySword20,,,
Mikey,3684,4037,4453
Eris.,3702,3702,
shelovesstk,,,
Michaelidk,,,
GalDen,,,
frogboi4245,,,
yoshioitalio,2255,2250,2384
tirins,2883,2883,
Snow,,,
Sweecheat,2259,2259,
aquafeur,,,
andycappuccino,1226,1226,
bigdragon538,2128,2128,
Ruka,2227,2227,
xakob,2290,2290,
cornbread,,,
riedel01,2146,2146,
Jadounaali,2337,2337,
Skodeward,,,
bjorne,1000,1000,
Dustin,1917,1917,
UTOPIA,11415,8000,11843
SG77,2055,2055,
jej,,,
Xeter,3365,3365,
Akira,2112,2112,
vuvu,,,
Pana,,,
Yasn,1824,1882,1922
Draggonkiller,,,
the_lost_uchiha,,,
Fate/Alex,2133,2133,
letsgobrandonle,,,
Bluey444,1195,1195,
hew,2232,2232,
Dulphs,,,
Kryptex,,,
vf74,,,
DArk,3082,3082,
_anubis,2018,2250,2231
plue,2143,2143,
gibbman,2251,2251,
Yupsilon,7640,7064,8229
shirobon,,,
mist_,,,
FunkyTundra6925,1405,1780,1710
Nino,6010,5094,6211
charmender,1867,1867,
nmg,1159,1259,
JeremyK,983,1121,983
bashdug,629,1000,836
Maxity,886,1000,886
WilliamX,,,
Kyle,3484,3484,
Douda,2270,2270,
JasperHZ,,,
Manujml,,,
CroNeX,2026,2026,
taburetedel_ikea,,,
Triv,2179,2179,
mui0961,,,
poulron,3253,3253,
Pom2tere,1952,1952,
SergNja,1107,1071,1246
Rush,,,
Curtyn,,,
iiRxl,11063,8000,11063
rapisurapisu,,,
temp64,3932,3750,4295
knirschko,,,
tokenispappy,599,1000,850
Aaron,1566,2103,1940
KIRA,3899,3562,3987
LuckyLachie01,,,
AleMitKs,2095,2095,
yaomomo_mk,1915,2250,2202
AMXsadie,1000,1000,
chanrii,2182,2182,
rokitobi,3124,3124,
Jack,3451,3451,
Azurie,1,1000,836
BigGBigG(Gab,,,
nys_,,,
RAC,,,
Ellipsis,2286,2286,
Heart,3652,3652,
Grainy,,,
LunchTrey,1963,2250,2113
evantide,,,
sp1nner_,1949,2250,2167
okimono,6211,6301,6735
usedbun,2091,2091,
insu,1046,1000,1046
Galaxy754,1964,2250,2233
Keizer_Maatje,,,
victerr,,,
YoYoSlime,2418,2250,2494
kuroto,3162,3162,
Ultratoppiejopp,,,
darkside2475,,,
yuuya,3062,3094,3175
choboipnidang,,,
Altiu,3262,3262,
Qwertzilla,886,1000,886
17storytime,3712,3750,3839
Xman,3813,2543,3848
M1Gu3L,1129,1129,
Kira_,1639,2250,2177
Match,,,
aferre,,,
idorc,2156,2156,
berda,6193,5985,6193
evoleevee,3958,3750,3969
soma15,1163,1000,1310
BR,,,
DMC-fiummmm,3370,3370,
Lunamii06,,,
Gaspar,,,
Darkz,3569,3204,3580
Shakira,4929,4283,5628
robo2724,784,1000,802
Enekito,2651,2250,2923
toxicchimney,,,
Haya,2267,2267,
3,,,
SirKyle2022,,,
JackM,1807,1926,1824
oZeaL,1851,1851,
Tetra,5401,5220,5558
!-Toad_Beta,1272,1272,
Elise,,,
VTPooks,3226,3226,
mosya,396,1000,933
aswizz,2981,2981,
Tungsten,1710,1710,
Zedrum,3228,3228,
Speedruns,115,2250,2215
tallshadow1221,2317,2250,2317
Wood22,6128,1000,6296
Ptao,,,
Smart_Gas,1280,1280,
megabadhector,2256,2250,2256
nightmarepogz,,,
RageQT,,,
hokakoro,2294,2294,
Bocchi,3774,3878,3929
gabeuk,,,
evantm,,,
orion25,,,
Kishiro,2220,2220,
dillon,2045,2045,
cemicircle,,,
EpicKilla,2122,2122,
Yossy,2381,2381,
Riozen,,,
Tomasito,2315,2315,
ArtyCuz,3180,3180,
Shine-Thief,637,1000,1069
cjsailer2019,,,
BigJaye,,,
FATAAT-AL-KHAIR,2005,2005,
D8-LineUp,3407,3407,
thewinner437,936,1000,936
Dapple-Dualies,3609,3609,
pank,,,
Drippy-Lil,3274,3316,3278
Fabi,527,1042,1014
Asivator,2201,2250,2333
Fways,2241,2241,
WiggleWiggleW,2263,2250,2286
Rhys04,2601,2463,2601
Snowbros,1259,1259,
JustUrTypicalJo,,,
Seth,2132,2132,
DanyL,,,
Pardi,1956,2034,1956
sherm,,,
Croquetin,802,1000,905
Calico-Jack,,,
Mordexy,3294,3294,
BryWH,2705,2705,
jolokid,1687,1687,
109,2076,2076,
DAISYDRIFT,2101,2101,
__bat,,,
Deebo,3852,3742,3852
Royourboi,2003,2003,
Andie,1122,1122,
Mob,1211,1211,
Toki,,,
wilburthe3rd,898,1000,898
MsChanandlerBong,,,
Mokou,2943,2943,
Hgt,2021,2021,
lraleex_17,,,
LordOfTheBoard,,,
wolfeet,,,
ZokSs,2266,2266,
bukka,2428,2428,
karma,,,
Jakob,1883,1995,1883
ABYSS,2161,2161,
Henry,3391,3391,
MikeMK,3090,2250,3368
Gord,3163,3163,
SHAWGER,3226,3226,
Luxaitor,2209,2209,
xxmacar0nxx,792,1000,892
MayTea.,2154,2154,
Kenny,3229,3229,
festek,3510,3750,3862
Satanael,1603,2250,2331
crime,5965,3053,6017
PaulMiskine,,,
curren,2079,2079,
po,6822,5764,6822
EpicCrossover,2236,2236,
Jessehoog,922,1000,922
Marcos(NovaNit,,,
Keiran/Sylvio,890,1000,890
Rube0la,2156,2156,
agorin,2259,2259,
G_Soul,1690,1690,
32Rainbows,,,
Amos,3323,3323,
h3ylloo,2189,2189,
En,2207,2207,
Koknut,3330,3330,
taiga,3103,3103,
Nelso,,,
FreshD,3199,3199,
fzsuper,1201,1201,
pizzadogburn,883,1000,883
JenZua,6784,2411,6886
Bomm,2130,2130,
BTR-|-Triple-C-,888,1000,888
Halen,,,
melodymaster151,753,1000,912
mktristan,3446,2250,4023
Asianguy,,,
BushCampDad,8353,7512,8436
ToxicLilly,3173,3173,
Steamboat-Willie,2593,2245,2694
retendo,2207,2208,2296
fr4nk44,3843,3750,3843
htaeD_fO_slairT,1228,1228,
Dragon-Boi-♪,,,
RK.,,,
Klein,3262,3262,
Peter,2018,2018,
Maxiiim,1156,1156,
Fusion14,,,
saikouMEI,,,
athinasboyfriend,710,1000,765
azaar_,,,
Ej_whoelse,,,
woolymelon,,,
xiro,,,
pinkham,,,
stinkus1,,,
Aggron,,,
Sneakz-from-wish,,,
ceropy,,,
Nenechi,1985,1985,
shaketo,5621,5621,
ForFritz_,,,
Kommandant-Mo,1456,1777,1561
bobby,3571,3571,
Xenzy,1208,1208,
Ghoul,,,
charashea,,,
xcell,2174,2231,2174
Dagger,,,
multixvii,3356,2250,3955
mangoko,846,1000,954
julusm,3634,3750,3809
!Contra,1817,1817,
❄❄Snowy-WolfieS,,,
aceuh,,,
osun,1345,1345,
trikky,1810,2107,2175
Soup,4391,3750,4930
tourisjr,,,
JustAChad,,,
Turtlemanzero,1263,1263,
Leen,2219,2219,
TeenTykan,2215,2215,
NASAfan2001,,,
Deathclaw,,,
slsbwbw,475,1000,913
YeaahBoiiiii,,,
Faceless,,,
CPE,2036,2317,2269
Toss-Moth,,,
nico(suplente),,,
Bastiandy,1985,2090,1985
spindy,,,
juchnoon,,,
aa,,,
ambvlce,10787,6629,10787
JRobs93,2158,2158,
Munini,3073,3073,
RAZER,2429,2429,
iTzL3G3NDII,,,
yzyt,2225,2225,
Enger,3405,3277,3668
Flaps,3804,3975,4343
Sander,1598,1609,1612
Vensrowx,,,
TBNRAndrew4,,,
Skar66,5179,3001,5534
tilbuhler,,,
Green,4398,4259,4398
Zee.,2151,2151,
MrMatrixM51,1757,2291,2102
electrical_yosh,719,1000,971
valentime_,,,
Reillers,2251,2250,2251
Bradyy,,,
access,,,
Roberto04,895,1000,895
ikea_ssb,980,1000,980
YOS,1720,2072,2310
narwhal,2662,2662,
baasjens,,,
Veyron,2127,2127,
CharlyX,1931,1996,1931
Quinten,887,1000,887
xyoshi27,888,1260,1152
artisk,403,1000,917
oyve,823,1000,913
juice,,,
Yordi,1384,1626,1701
_bullwark_,,,
nora,2220,2220,
elephantsix2,1060,1000,1060
moris147,,,
kon,7067,7655,7940
Pacome,2501,2250,2501
mb3,,,
qasruh,1251,1251,
Unposition,3795,3750,3795
SUPREYYY,2108,2108,
harucchiyukkuri,,,
l1amkm,4783,4783,
elmuchacho,,,
shadcor,,,
kibou,3220,3220,
Cyan,2019,2019,
_terminal,,,
Fan-de-rides,1920,1920,
Looygi,2098,2098,
Jann!s,2112,2185,2267
Shiv-FPS,3107,3111,3107
Leopon,,,
boethon,,,
rowlet4ever,,,
4tyn,,,
FORK-ICE-BAHN,2013,1984,2013
Fall-Of-Fall,3662,3489,4198
moonlight_64,,,
SilverSune,1659,2250,2248
Red_Hawk_,2127,2127,
Yolo,,,
LE7,2196,2196,
SQUASH,890,1000,890
Kai-Wizzy,2236,2236,
Kristen,,,
TaKao,3055,3055,
RealWater,1,1000,901
16b,721,1000,889
starswitch_127,442,1000,881
grid,1023,1023,
professortw,,,
launain,,,
Bartholemu,1538,1615,1538
Mr-Red-Yoshi,699,1000,854
katsuyo,,,
BoozeCruiser,938,1000,995
Ronny,2177,2177,
FIDEOSKAST,,,
creep787,812,1000,892
Aonatsu,3390,3390,
Denchuy,2170,2170,
nerma,3310,3750,3939
OPPENHEIMER,920,1000,1024
stonga,,,
El-Flasho,1852,1852,
TlimyTomita,979,1000,979
Wicksy__06,,,
thewartob,1,1000,874
Yousef,,,
hinrg,2207,2207,
bigfloppa,1937,2111,1937
terrafinelhumil,,,
Yxshi,2078,2078,
Hermit,1894,1894,
JRozGaming,1755,1921,2199
Infinity,2136,2269,2235
MizerV2,2088,2254,2353
July,7501,4373,7501
maybekaze,,,
Abbi,,,
1011Martin,1150,1150,
Hurensohn,3439,2364,3528
Bulldogallstar,,,
Jamesss,1972,1965,2020
sedayo,,,
narusotsu,2257,2257,
zatomicgg,384,1000,914
Petit,,,
rioru,,,
Bishotaa,,,
Zooms,3279,3279,
Maskou-MK,2275,2102,2275
sevdepin,,,
Elite,1325,1646,1719
malac,,,
TabbyThing,1031,1000,1031
fluxy_mk,,,
NC,,,
Calzonian,957,1000,957
arirura,3380,3380,
Moua,2244,2250,2244
maxm103,697,1000,921
Billy-Billy-,,,
SoyDivision,,,
Mxsk,,,
oimo,3151,3151,
i_have_no_idea__,853,1000,853
rog0004,935,1000,935
Charlot,2131,2247,2131
Popoff,2395,2283,2825
AfroZoukLover,3844,4303,4487
trainspotting,1825,1825,
Simon-F,3169,3169,
AdrixGamerEtte,1324,1324,
Gunner,,,
Wesley,,,
RaF,2383,2383,
akino,2231,2231,
Babouchka,2068,2068,
Lanthan,2208,2208,
weakestopiume,74,1000,890
The-Stone,,,
a,3058,3127,4258
El-Magias,2246,2246,
ef.,2109,2109,
er0xz_iii,,,
4xe,,,
laki,2905,2905,
Dirtyfeet07,3469,3750,3922
aura!,,,
boba,2033,2250,2136
Squadling,3303,2668,3334
LilLil,2250,2250,
andregon,1236,1236,
Jordan,6095,4214,6204
heather,2353,1524,2847
Nico4132,3467,3467,
_marcoco_,,,
notthi,,,
hoorai,,,
foonpappu*,1248,1248,
kurtn,2178,2178,
Cris,1002,1000,1002
Kavex,,,
blitzbreak,928,1000,928
Axybur,2008,2008,
wenwen2,2134,2250,2244
BeastXP,,,
matcha,,,
Valuris,1982,2241,2435
damon1832,752,1000,852
Noah’s-Ark,2169,2169,
Brille,,,
quackkkkkkkk,2271,,2271
taroniki,2249,2249,
Shynoh,,,
Ludwig,2152,2152,
fakefirehater63,2738,3093,3109
Pave-Doofenloof,326,1171,1095
Loik,1896,1896,
ryer,,,
lilnyanlil,,,
Val,1781,1839,1821
MOOSE,1270,1270,
misoshiru,2204,2204,
lennox,2180,2180,
Hector7,4026,2250,4026
mamita,2251,2251,
T_,886,1000,886
Reilly,2304,2304,
Ben-S,3208,3208,
luciia24r_,916,1000,916
bocaj1090,,,
Mari-Makinami,3108,3108,
JPGiviner-Fanboy,531,1000,1027
Falkmanhi,2783,2913,3008
reluva,3185,3185,
Hikki,2168,2250,2258
dokkufuudo,,,
HaYuTeA,920,1000,920
Ismail,2272,2272,
Dake,,,
aruchuu(WINTER),,,
BOMBEBOMBEBOM,,,
Yoshiskyblue,2407,2407,
Doenersempft,959,1000,959
worstmelontaste,4369,3049,4588
Lorenz_,3298,3298,
Cube,2160,2160,
Zycho,,,
Tiri,7792,7343,8822
Leol,1073,1075,1073
MrDelta-9,1275,1275,
OBSfuchou,,,
mikagami,2146,2146,
BASTUP,2145,2145,
Ku2,2407,2407,
starxlx,4588,4794,4769
sheeeshh,,,
Nope852,,,
FORKJPN,3062,3062,
Gab,,,
Ant,2242,2124,2376
AYAYA-L9,1304,1000,1304
aroma,1802,2250,2172
saancheez06,,,
SeaMont,2163,2163,
carton_mk,3789,3750,3849
eltistis,,,
Sprks,820,1000,998
maxence5902,,,
hikarun,2241,2241,
Cere,2118,2118,
RaisedNewt42,2236,2236,
euan_,621,1000,854
clemzer,1964,2250,2249
Django,1,1000,867
Sonic-Gal,,,
teruo,947,1000,947
Kageno,3837,3752,4064
holypotato,,,
fuguwo,3771,3750,3999
tancevat_,,,
Rumona,2866,2866,
Johanna,2198,2198,
liam2tuff,,,
ani,,,
Varxa,1000,1000,
DekuMK8,919,1086,919
Kuppa,,,
Tenkyu-Chimata,3232,3232,
Kalys,1223,1223,
patchrick,,,
roc,1303,1303,
Ciibex,1019,1019,
Sunset,1267,1267,
WeGotHim,2858,2858,
guitarman1423,2039,,2310
Sair,2818,2818,
MigueladosMigue,1234,1234,
Robotic,2177,2177,
soymega,2411,2250,2411
Miku,1698,2166,2025
Chant,5470,3895,6273
ItzIcon,1074,1074,
dking1010,,,
ZEROMMR4LIFE,,,
Taguva,,,
saga0307,2388,2250,2436
ko,2240,2250,2353
bankzsleezy,,,
Luismbf,2173,2173,
Loic,3140,3140,
sharkocalimero,873,1000,1064
Aharen-Reina,4255,3208,4684
Alici4,,,
VIPEX,1288,2023,2094
Bryan.,,,
ivangc,,,
ninjibro,876,1000,876
Wolf,,,
mashi654,840,1000,840
reds,2236,2236,
gingy_chris,916,1000,916
mathou3000,,,
jotaeme11,,,
LinaBell,,,
ryosu,2089,2089,
lents1928,,,
Akumo,,,
Fireball,,,
manfredi19,935,1000,935
imisshersomuch,,,
chinu,2257,2257,
D.H.,3188,3188,
orijji,2129,2129,
Fwicko,,,
Soo,3995,3750,3995
juusoufan,2348,2342,2348
Gurkensalat,369,1683,1839
Sam.Hargreaves4,1100,1100,
lorenz,3250,3250,
Lufti,2328,2008,2413
williamcree,,,
Saunajuggling,2944,2944,
jefehuevo,461,1000,880
nekousachan,2103,2238,2103
QuagStar,1638,2250,2328
Antonio10,,,
Vlpelz,1219,1219,
Asahina,2098,2098,
imasokara,2131,2131,
kokona(11),2176,2176,
abyssucks,,,
kitaima20,,,
GoldMK,3479,2170,3712
stroopwafl,,,
Kiria,3178,3178,
achaemon,965,1000,965
RDG,,,
Subleaf,1101,1101,
sumai,,,
NeedTop2ThisRace,2180,2250,2180
wime,3076,3076,
fiorella1222,,,
nobu,2105,2105,
shon,,,
daru,3050,3050,
jpedyy,,,
Mick-|-Phobi!ik,,,
nulp,,,
mippy,,,
LeBruh-Jhames,1114,1114,
SomeOne,715,1000,1013
cairororo,,,
Chippy_,2180,2180,
REDMI,3283,3283,
amber,1942,1942,
ABigScaryTurtle,,,
Zbloodz,3186,3186,
sneakybeast,,,
dragmaster01,891,1000,891
Dylan,,,
GamerKapx231,2156,2156,
jorgemiguelofc,,,
Ismael08,646,1000,928
Diaphragm,,,
gli_tch,,,
pushkii,,,
Marco25,,,
peru,,,
Billy-Beast,,,
klysou,,,
Sauci,2209,2209,
piyo,1989,2119,2039
peetzyn,,,
Superbear462,,,
Miauwcat,2207,2207,
Ludwig,2152,2152,
_yad,2299,2250,2299
corr,2628,2250,2635
pascalou____,,,
keuu,1184,1271,1184
Ouiisticha,2167,2167,
_jamss,,,
Nusevs,1201,1201,
Rerpoit,1997,1997,
dxcky64,1929,2046,1929
ultimate-banana,2291,2291,
Ashley-te,1643,1776,1643
t0mace,,,
kanzume_92,,,
almond,3162,3229,3162
Akanatsu,1980,1980,
PEPPERONIYEETZA,,,
moyogi,,,
Sav,3886,4157,4264
Nulls,2160,2238,2427
Julflow,,,
Matue,4013,1935,5155
Munch,1996,2250,2351
popo,2201,2201,
Zyggz,,,
Brochacho,,,
hamukatsu,,,
Cream,2965,2965,
shir_ochi,990,1000,990
Tears,2060,2250,2215
shabbymario,,,
Douglas,2008,2008,
Julianne,,,
menis1,1439,2250,2430
wa,5217,4483,5434
GojiTheYoshi,,,
Mastertbt,2259,2250,2259
Nono,930,1000,930
Prilin,3112,3112,
Putofsky,2525,2525,
Kenneth,1063,1063,
nilvils85,746,1000,932
michael_,,,
Kira-3,2023,2274,2023
_________,884,1000,884
FEs-furanzu,2754,2754,
Zenith,3611,3611,
royals,2202,2202,
Daring-Tact,3289,3289,
priism__,914,1000,966
Bossboy28,3082,3082,
Korquz,1584,2250,2145
charliep_12,1928,1928,
handsome,3097,3097,
armymyidol,107,1000,719
nika_kitsuon,,,
dicaprisun_,628,1000,937
Shag,1051,1246,1145
boredbry,1138,1138,
tari,2338,2338,
StarQueen,1983,2250,2210
Yuvia,,,
Beeg,3372,3372,
nannnnn,2188,2188,
OSweet,,,
tsu Perrine,,,
julianvdbosch,931,1000,1023
quazen,638,1000,859
SKaR,10145,7355,10290
JJsee,3616,3750,3857
Petergg,,,
loljose202,924,1224,1003
Kramer,593,1000,951
antonup,930,1000,930
Em,2405,2405,
jagame,,,
16,2208,2208,
AIUEO,5968,5906,6191
zlequit,,,
au.raraka,3089,3089,
sakuran,2124,2124,
Yostah,,,
kokoro,2257,2257,
Robin69IceKeck,,,
Darker,2251,2251,
floramk,1982,2250,2187
Tyaru,2176,2176,
ariasr,,,
kassan_yukkuri,,,
nise,3420,3420,
Lilac,3088,3088,
cynthialovesher,,,
Iker,1324,1243,1346
ddd,2194,2194,
POLSKAGUROM-FAN,3351,2899,4358
Supreme-egg-lord,,,
Day,4825,5250,5590
hidrag0n,902,1000,1109
RoyBiddybuggy,2199,2250,2199
sharpmk,,,
Yolo420Forestt,2096,2096,
mondingo601,,,
Danna04,2261,2261,
Twi_LiteMK,,,
ApG77,3216,3216,
BRiT,1176,1176,
ryuu_ryu,1261,1261,
Calcaire,3328,3328,
mookie,,,
Adrastea,1156,1023,1256
sympa,2290,2290,
yunatalk,,,
SA,2873,2873,
cameron9006,,,
shen,2355,2355,
yisusgun,780,1000,951
Fran_,,,
destroy,2338,2338,
Hypr!,,,
Josh02,1846,2179,2106
SignMe,1254,1254,
jojopikmin,914,1000,914
hellofire66,1226,1226,
Marw,,,
Rakatwyd,,,
rolo,794,1000,914
Toby H.,,,
Smudey,2351,2351,
xortega,,,
asuto,2292,2292,
polanco,,,
Watcher,652,1209,1119
gustav,878,1000,978
msdrawscartoons,,,
originality_4578,923,1000,923
Layton!,,,
Nezeon,2300,2300,
kvinyulol,791,1000,891
Mr.Quick,,,
Carlos1Player,2024,2173,2024
kyzzi,,,
tutrusa,906,1000,906
EritoGP,,,
Mhystys,3008,3008,
ImElixir,,,
koljou,,,
piolin,983,1000,1083
Verlust,3938,3938,
Kichi,3170,3170,
myaa,,,
Steez,2015,2015,
n8n,1000,1000,
MK8DX200ccLOUNGE,2391,2386,2391
Yui,2118,2118,
D2mc36,,,
Tailwind-Mercha,,,
TheSpoof13,2197,2197,
ace16__,418,1000,889
al_pha,878,1000,972
hanekuuuuuun!,,,
EENFsigmaxx,,,
Zephyr,,,
bracket_bryn,,,
platineblanc,2178,2250,2178
kiru,,,
Dasher,,,
Maxx,,,
zegaltherookie,2095,2095,
granblue,5320,5273,5977
kenshy_rip,,,
duukiu,1267,1267,
Skogen,2245,2284,2245
fivehea,,,
tecksy,937,1000,937
senoucy,3111,3111,
doomedinator,822,1000,928
JerryGaming,1248,1319,1248
Lunaaa,394,1000,895
Pikachup,,,
Galax,3638,3638,
Fennel,2091,2091,
xAlex,2377,2377,
johnnycrust,,,
Haydo,1779,1779,
Zenin-Naoya,6356,5765,6498
Ri-Guy-10,35,1000,892
eebaurle,,,
nemumui,,,
zill,2269,2269,
sakana2679,1276,1276,
Bruh,3421,2250,4189
tombzy,1027,1027,
Shino,3318,3318,
santaisreal,,,
OpTix,3201,3201,
Smango,885,1000,885
therealninjamar,,,
advent,,,
xEmpexX,,,
Lucas_ONE,302,1220,1155
Redcap,2296,2296,
sol282,,,
ඞ-EwennYKW-ඞ,,,
ArturGaming,2814,2814,
monke,2369,2369,
rxnzel__,,,
Lexx,933,1000,933
nemutai,,,
L7,1630,2250,2192
naoppi,,,
Nanase,3367,3367,
FJSQ,1214,1214,
yousuko,2147,2147,
yuru,2133,2133,
tris-funny-bone,939,1000,939
Denis360,2149,2262,2149
kirito__107,,,
JoshO214,,,
OPscootergaming,,,
scalbo,,,
Xenon,2555,2555,
speedstah,2036,2036,
apricity,7842,5071,8140
Adri_crack,2035,2035,
Pikazboy,1358,1358,
blorentz,,,
Horsey,2230,2230,
DCLuci,,,
Bog-Brooda,,,
Warre,,,
Anto,2233,2201,2302
Sans,425,1000,813
sara,2278,2278,
Nation,869,1000,948
D.,1855,1855,
leroux61,1010,1000,1010
z3lldom9485,,,
Rogerpilierdu,2230,2250,2230
thomasdekker,,,
GaelLazerYT,,,
Robert08,,,
PKS1,741,1000,881
EKX,1,1000,878
Willbatros,,,
ranpen,,,
kekeko,,,
blahaj.blast,,,
orichan,2163,2163,
mrpinglt,,,
riku,1273,1273,
maebaneko,3405,3467,3405
Suga,2127,2127,
Rhys,4588,4588,4535
Jotrix,2986,2921,3029
SleepyJoe,,,
Aerith,2362,2362,
DancingFish782,11069,6563,11157
7RX,2088,2088,
catc,903,1000,903
N_,,,
dannyocean11,541,1000,980
MiZU,2295,2250,2463
SamNin10,2223,2250,2223
Kwen,1981,1981,
tamagawanohasha,2106,2106,
m4tt,,,
muaaz,1287,1287,
fightinggoat,844,1000,844
ints-maestro,1446,1000,1741
Warp-Star,3210,3210,
TacoByZae,5077,2250,5374
sakutokun,,,
winter,3210,3210,
Mitarashi-Dango,2185,2185,
Toto,,,
mattias0010,,,
valenciahh,898,1000,898
DirtyFeetSMS,1002,2045,1949
hazemaze5,875,1000,875
Safranek,,,
Rigeru,,,
orbix,,,
Dezphos,3219,3219,
Wet-Owl,1444,1444,
omegachialphabe,,,
yotoon,356,1000,962
mydon,2015,2015,
nari,,,
Huey_MK,2285,2073,2449
vibxz55,2217,2250,2217
POLSKAGUROM,3357,3629,3903
Loverboy,2148,3061,2934
Kid-Named-Finger,,,
hanabasamikyou,2196,2311,2196
rocky,162,1000,1070
kamome,,,
adriagamer40,,,
acanofaxe,,,
kod49,,,
anpeki,2315,2315,
RynoRoby,,,
PretlzleMan88,,,
glitchg14,,,
kariz,2122,2122,
Lyxke,,,
Skellington,2015,2108,2015
Matsiouzy,1034,1000,1034
EWasTaken,522,1007,918
mumei52,2188,2188,
Jaiden64,,,
manic_max,,,
pokomayo.kyuush,,,
koase,2134,2134,
Sassi,,,
Furan,3768,3892,3768
koldotron,,,
Nibiru,,,
deolott,,,
KaJiib,1223,1223,
SorNano,2304,2304,
snessorcerer91,,,
aphh,2880,2880,
Hanz,2198,2198,
2ManyLukes,1061,1000,1148
theloneripper,,,
Retro,1021,1021,
Clemsou,3593,3350,3593
sausage,2191,2250,2191
stove,2063,2098,2063
SHINGO,2448,2448,
RealFire,1975,1975,
BKGK,2408,2408,
unicornn,1201,1201,
hal,2194,2194,
chellia,2130,2130,
josesfc,,,
parrotsz,905,1000,905
alphaalphaalph,1925,1925,
SuperDude5,1276,1276,
resh,2994,2994,
amamimu,2170,2170,
pio,1281,1281,
haruki0331,1109,1109,
ozelitowan,929,1000,936
PeanutButter,877,1000,1024
Peeler,,,
tasu,,,
oxman_813,843,1000,1052
Ficey_Phoenix,,,
takotako_88,,,
quark-puppe,949,1000,949
tre2166,1035,1000,1035
TAKT,1984,1984,
Tooter,562,1099,881
lunar,,,
smaash__,211,1000,888
Shi-Gu,1403,1703,1704
CAP-ahaha,2114,2250,2217
javy_,865,1000,865
Degguma,1237,1237,
ignition,,,
SNeaZy,1579,1692,1579
waruwobu,,,
PTQ3XACBM,,,
Farton-the-11th,,,
Bl4zing_Fire73,,,
SLASH2nd,,,
cloudyair,,,
Yanagi,3457,3457,
asmi,2361,2250,2361
oshea,8143,3283,8143
NanA,,,
air678,,,
Clonador_15,,,
bielramos_,698,1000,907
woxmk,778,1000,980
Dokanrue,,,
yukia,1907,1907,
_wmilk,,,
penginshachou,,,
Itscrips5,658,1064,1000
helium,2326,2326,
Heri42,2216,2216,
Jack92,,,
logan916,83,1000,870
Samuel,2481,1000,2613
SFOS,1166,1205,1166
puchiya,,,
indyan,1,1000,871
kurotan,2282,2282,
ToastyReyz,,,
Snappy,1262,1262,
Chewie,2128,2128,
Banane,975,1228,1095
liamzin,2194,2194,
The-Well,1432,2250,2208
Meta,3485,3750,3939
atatata,3764,3376,3764
banana,2202,2202,
T4KU1,2194,2194,
Impo,2206,2206,
mercirou,3299,3299,
Xyz123,,,
Maze-BMaze-Bbou,,,
helemy,2256,2250,2256
eyezayah__,3745,3750,3852
Milla,1406,1776,1685
Theox,,,
bickie_,,,
landonnintendo,,,
DirtyFeet06,1026,2250,2208
Reddog31415,1225,1225,
XIR,2095,2192,2095
Kaze,,,
☢-Fusion_-☢,2506,2147,2506
xdaniel07,,,
Emre,2134,2250,2373
The-Black-Parade,3165,3139,3259
Zei,2254,2254,
the-Killer,2023,2023,
Lildev,955,1000,980
pqpq,,,
cilvia,,,
FrFrssty,,,
seafood,,,
foirudmyblob,,,
m47h13u,1657,2250,2234
TR8,,,
Ars,2176,2176,
TherealNugget,959,1234,1130
mrpoopoo420,,,
tasugawa,1304,1304,
yui_poke,,,
ApoRed,1953,2250,2255
satovu,,,
rokku,2314,2250,2314
Valnuss,3232,1783,3285
Formosa,2317,2250,2317
hirimigori,986,1000,986
Hueki,,,
hamutaro6,2280,2250,2426
rioll_x,2608,2250,2722
wickedzzzzzz,388,1000,897
himajin,,,
Olivier,2059,2059,
Stan,2372,2250,2419
LeOn,4540,4540,
EliasEnniss,,,
nasu_kgy,,,
Neon89,452,1000,907
ay2416,,,
pichu_mk,,,
56kya10,,,
EliGaming,921,1000,921
leroideschocola,,,
Yliess38,710,1222,1119
TwhylerM,1057,1229,1057
Yumi,1945,2194,2274
lu_cky30,,,
Kirito44x,,,
ilyparadoxlol,,,
Miley,2201,2250,2201
0celot1904,,,
lalala,2289,2289,
nova5,,,
halc,1279,1279,
Tman,1224,1224,
cnf_galaxy,,,
Linux_User,829,1000,829
___um,2144,2250,2144
hyl_37,,,
henchy,415,1000,782
hulu,2068,2068,
qooo,3185,3185,
Xen-PC,,,
kiraby,,,
chiharu3599,891,1000,891
Jordan9209,,,
btriangle139,915,1000,915
Terrence-Floyd,1000,1000,
rasu,3471,3471,
Dencom,,,
Vonz,2052,2052,
Nai,1891,2272,2147
Miguel-4909,1921,1921,
iceT,,,
sora,,,
Red-Sheller,2029,2271,2029
Abyssinian,3208,3284,3208
SAGA,,,
peepo,,,
XTM3794GL,2302,2302,
Nanashi,2489,2489,
Luke,,,
einMeteor,2165,2165,
Nicklas,861,1000,1754
Amphy181,2074,2074,
ncsr,,,
Yanou,,,
riotyu7,3331,3331,
shutern,,,
yoslit1209,,,
pillow,1918,2059,1918
chizuba,2247,2205,2247
Iron,2123,2123,
bangkokrush,951,1000,951
La_personnequie,1960,2250,2155
ImNoury,2071,2071,
yukiryann,898,1000,898
ShadowMK,2987,3592,3640
FreeDobby,2207,2207,
ezygamer225,935,2250,2278
aika,,,
Ido,,,
lazypufferfish,570,1000,953
Grant,3613,3613,
bynico_2,,,
jthefish,961,1000,961
pembified,,,
domikrex,,,
Tom-Scott,2777,2740,2928
DJ-Khaled,703,1000,1027
wispyu,2249,2250,2249
Trinitatem,,,
shy_guay,1600,1829,1871
Tilly,,,
FianSo,,,
INTScar,,,
luchozade,2281,2250,2281
Nabe,2196,2196,
DabBuster184,,,
sonicballer31,,,
Neomi,2464,2464,
Ole,1909,1909,
FirePhoenix,8082,6201,8671
plantyh,,,
Lucozade,,,
secret,2209,2209,
ADPGQ98X7,,,
nisutoru,,,
Theo-Machou,,,
owl,,,
speedmania123,,,
pierremk_,2242,2250,2441
Aype,,,
BT,1351,1351,
kira!,85,1615,1476
AmIBanned,712,1000,1414
jse0001,3673,3750,3673
travii,2254,2250,2254
Awwwman11,1934,2031,2264
Itaita,2215,2215,
Momosuzu-Nene,,,
Alice-Lilith,2036,2135,2036
hibi,1345,1345,
greili,1045,1000,1045
yusheng,,,
Damian,3061,3061,
PekoisShot,,,
Togepilovesnug,3813,3738,3813
akronimo77,,,
Capella,,,
Misclikc,,,
zowen,2295,2295,
Xylix,3509,2526,5209
elpriscomaker,823,1000,875
rizz-king,1000,1000,
soultyy,,,
Jaynie,3047,2697,3101
MABLEM487,2377,2377,
perry14,2170,2170,
Cat-Wario,2346,2250,2411
Cye,,,
shidare,,,
Zal,3411,3411,
borbaiz,605,1000,883
jowu,,,
edwardort,,,
BURN-DOC-RIVERS,4511,4493,4897
nyrruu,,,
fwogkirbykid,2024,2250,2356
Dicey,730,1261,1156
mugennora,,,
bakugohowitzeri,930,1000,944
Toge-Inumaki,,,
MK8,,,
Peas,2673,2572,2673
mack,1192,1150,1192
ryuremlink,806,1000,918
ManinManin,2074,2250,2100
gaytendencies,1205,1205,
Speed,,,
Heast,2163,2163,
yuutan,,,
KaZuToRaKaZuToR,,,
kenmk8dx,,,
Noxide83,1953,2180,2314
Vaati,2045,2236,2167
B.64,,,
rimahj,,,
breakingbadenth,,,
00_calcifer_00,984,1000,984
Toni,3943,3750,4028
cool_boy,577,1000,792
piersmorganpeng,882,1000,882
yokai,1560,1587,1655
Farber,2163,2163,
tsupipapi,3235,3235,
KTak,2144,2144,
kado_555,556,1000,942
shociaa,,,
Arvyn2,1763,2250,2148
undertime-slopp,,,
antscorp,,,
Ghost,737,1000,925
James-Round,2156,2156,
Cosmic,304,1394,1286
Koup,,,
takenoko3,1243,1243,
jagan2950,,,
tsushi,,,
r4in,3515,3750,3898
DACTOPSCOMINGSO,2139,2250,2256
Lovemachine,948,1000,948
stride,,,
badlands_chugs,,,
ngelMSC21,,,
Snooze,3634,3750,3797
daikonnonimono,,,
mento2865,,,
Yumaaae,2160,2160,
PierceGBOY,2143,2250,2243
THE200CCGOD,,,
1000ways,,,
SamuelPena,872,1000,872
antoine_ma,857,1000,857
Corey,,,
Fraude,,,
bpasuna,,,
Tylayz,1239,1239,
tofu,,,
kry,,,
kingofgoombas,1832,2250,2274
short_af,,,
Iamnatsuko,1217,1237,1217
koosan_,4131,3750,4457
Krapfen,1086,2250,2256
Eternal,2164,2250,2164
Messyo,1249,1249,
KinoWav,2521,2521,
Maddox,,,
jonez37,,,
hakun,,,
jamesbreaksforb,,,
Wendy,873,1000,873
urii18,1008,1000,1079
schlatt,4756,4937,5102
yaki,,,
Marcc,,,
Ezra,1282,1282,
Pink,512,1160,1094
nikamokamonikam,,,
Laser-Game-Lase,894,1000,894
mk_yuki,,,
Melvyn,,,
conor02,1439,2250,2112
zoe,2162,2162,
romainrf24,,,
Connorsea,1543,2250,2155
Stargazer,,,
Fwokattya,2114,2114,
HASHIMO,,,
cold_shreddies,560,1000,943
BIG-Willi,2131,2131,
yumutwo658,982,1000,982
vekotj,2036,2250,2312
MSG8819,1179,2026,1990
Casual,5513,5086,5698
jj,,,
kashiwagi,,,
CrisVR,2109,2109,
sola.,2186,2186,
cannoncibi,,,
typsycb,,,
_noda_,,,
myuii,2129,2250,2244
Konbo_Ren,,,
litothebear,604,1000,855
x_iconnn,1865,2250,2164
J-o-h-t-o,,,
yytecz,,,
asopa,,,
tom23233,,,
PD38,,,
81,2246,2293,2564
fluzzy2269,742,1000,816
Shodon5,,,
Panakasan,,,
wompityw0mp,912,1000,1010
Kakki,,,
hoshionagaru,,,
fexican,1758,2250,2343
Mirko_XXI,,,
Jux,1214,1214,
Safryan,,,
Maxou,2727,1757,3690
jeffiboi76,1231,1231,
Max17171717,,,
Foxi.,,,
pq,974,1000,974
at-wwater1,2005,,2289
Harryboe,,,
Vapid,,,
spiralharry,,,
BootsTheCat,1234,1234,
flameinstinct,,,
katsuonotataki,,,
asaspected,,,
jamwiththebam999,,,
bu.3li,,,
nickfnr7,,,
Land_on,,,
alicefox,,,
lynxisout,541,1000,834
Reiru(IzR),2378,2330,2378
SPYMKY-G,2328,2441,2328
Olsticks,944,1000,944
NotJustin14,905,1000,905
kburns_4,,,
PT195,1289,1384,1289
nomu26,,,
mekishiko,,,
hiinon,2155,2155,
hizza_MK,,,
MaNuV,,,
JuanJuan,2138,2138,
rubix8514,2384,2250,2384
reubz3224,1683,2250,2407
Pigeon_Simon,,,
gaveru,,,
ace_mk,1282,1282,
ebityn,,,
Fenn,2374,2250,2374
alm,,,
Maelcattet,1174,1174,
sleekst_,,,
marcel,,,
CaptainDave1,415,1000,896
Wa_,,,
AaronD2210,1000,1000,
Starlow,7955,5795,8034
hiro87,,,
mamoru,,,
DinoTech,,,
ClxtchBxys,,,
kastormagik,,,
cocokana,2405,2250,2405
ilovecats#4606,,,
nemunemu3259,,,
hbizzle5,1067,1000,1067
okat,2313,2313,
tomepaddy,1890,2026,2046
shinigiwa,,,
shy_outsider,,,
watashi,1240,1240,
kasao9n,,,
ChrChrs,1152,1261,1152
Bob,,,
RayStorm,840,1000,882
Fronk,,,
euphxric,444,1000,836
y666,,,
waffles8174,,,
Drowsy,3044,2250,3109
meme_i,2178,2178,
lag4,2137,2250,2214
nikushokukeivii,2071,2071,
Sunfyre,1333,2250,2374
makkurokurosuke,,,
criticalmimik,,,
Hoshiku,2271,2271,
butti,,,
diwade,1990,2250,2227
mametsubu,,,
ruiruri,,,
coyal,,,
BlackOut,2263,2263,
hooki,,,
yannick,2160,2160,
macaron,817,1000,817
araki2757,,,
dex2234,,,
Jackiee,2036,2277,2458
ashe,2221,2221,
sam?,737,1056,980
miner853,,,
Derupasu,,,
jo_oniizz,,,
ShirasagiChisato,687,1000,908
TOTORO,,,
supaheata,808,1000,878
DIEGO_MK,958,1000,958
karinto,2224,2250,2224
JTDontForgetMyM,,,
TwitchCup_7,1050,1150,
dalcy_law,843,1000,843
HS,1184,1184,
MarcMarcau,936,1000,936
ryosuke,,,
Shock,2181,2181,
shirasu3939,2277,2250,2277
TheBreezyGuyVA,,,
qasdifferent,9530,4810,10007
a9_9589,,,
clamsplayz,897,1000,897
koopalings,,,
thecoolchip,,,
uva_ash.slay,1002,1002,
mitsuri7520,,,
N2lx,,,
jure1794,,,
elinactivo30,,,
therisel,,,
Kyama,1246,1246,
IAaikouka,,,
hiyoko,894,1000,894
JaX,764,1000,835
saworilove,,,
BztRadio,,,
Shin2601,,,
louise,,,
Water-White-64,1096,1841,1689
anpan8934545,,,
AzelfyTheGoofyG,1037,1237,1125
simjohn37,824,1000,924
forute,,,
shisenkanton,,,
rorzilla888,,,
hdot69,963,1000,963
NM97!,,,
BebopRobin,,,
DaTank,2195,2195,
TOMOKING,,,
Mryeetanddelete,220,1000,884
sasymk,2246,2250,2246
locc_116,,,
NeoMK,810,1318,1467
TaeTv,2341,2341,
crisgamewuth,1155,1327,1255
unclutched,,,
ruma,,,
iruka84,3835,3750,3891
King-Clawthorne,3844,3844,
kiwitendo,1841,2250,2270
Nin☆Tony,,,
mrguy,,,
DRIIKrackSK,,,
creed_tya,,,
LennY,,,
luci8dx,,,
Mrboblwobl,,,
singaporespeedw,,,
BombSquad,,,
Gikko,,,
YuSuKee,,,
shadow_6988,2782,2250,3960
kevin_26703,,,
CrCrpuscule,1343,1343,
daniboi201,916,1000,916
nicoszz,982,1000,982
sss',,,
allow,,,
WM,,,
Mole,,,
darken_sweatband,909,1000,1032
brash,,,
NayZ,,,
puta,,,
Baba-Yaga,,,
konezumi,,,
Loqman88,1044,1203,1044
leechanhee,692,1000,869
tatakaofr,2201,2250,2201
chipo,,,
Leah,916,1000,916
JewishTropius,4445,3985,4707
Mike428,,,
ccr,,,
LePtiYoshi,927,1000,927
Fedit,,,
Kuzu,6266,5531,6456
Rosalina,1833,2250,2025
Lukas P,,,
lammlamm,,,
piinaaa,,,
sabamiso,,,
nisukun_1019,2177,2250,2177
fe_unlucky,,,
Femboy-Barbie,3985,3985,
NDawg,,,
ohitasi,2047,2250,2208
i-am-tree,,,
Terrilici0us,1108,1108,
dibbs,852,1000,934
Ill,2106,2106,
Arctic,,,
EpicNewbie,887,1000,887
Lei,,,
Raccoonvioli,,,
antilookism,,,
Red-Sniper,2266,2266,
kokosu0120,,,
logy1795,,,
Syriak,1173,1173,
kitty_gaming_lol,325,1000,1004
Donguri,2042,2250,2157
Kaden,2365,2365,
luigiboo,1914,2250,2234
zundamon,,,
gexlad,,,
forrester,,,
SAGAN17,,,
toripii,2153,2250,2153
shyguy6645,835,1000,835
OscarX1111,,,
Thinker27,796,1102,980
nicamo_shine,747,1000,915
Legendary.,,,
DannyPhantom222,,,
DryAMP,624,1000,929
PurpleDemon,2043,2043,
Luigi1810,2131,2131,
salt__.xx,,,
keenkiwi1,2112,2250,2178
pop2pop72x,693,1000,907
yumocchi,,,
nj,496,1006,864
furaigon,,,
terii,,,
teriotrix,953,1000,953
seven7_,,,
mitra,2424,2250,2424
RoadTo0MMR,2196,3750,3931
ryou,,,
bergstrbergstrm,,,
Yoshi2169,1336,1768,1798
wolverine,,,
konsumify,942,1000,942
Arito,,,
HadesRun,,,
Sr,727,1000,884
StarWin,,,
flixlolsjs,,,
Romain,3302,3302,
QKMLB,,,
heat100,39,1000,1020
tsukino,,,
kikokorozashiku,,,
jrozjewgayming,,,
xgud,,,
serenity,888,1000,888
Tomek_,,,
yamayamac,,,
galaxy456_,,,
lisachuwuwowowo,,,
niiblan3,,,
smurfcat3825,,,
niiblan2,,,
ichou,3958,3750,3958
Gunthery,1282,1282,
bray,,,
yamago,,,
"bu,",,,
toadettefan,920,1000,920
98flameboy,1000,1000,
NovaLight,6552,3884,7107
norimaki1119,,,
niiblan1,3515,3750,3515
SolidICE,,,
benjones0650,2,1000,954
0il,,,
marc4693,,,
kareeraisu,,,
8ballbag,702,1000,874
kokayd,1975,2250,2259
AdriAdrinbAdri,,,
DirtyFeet12,1730,1897,1877
ELeN,1804,2288,2184
riku7422,,,
Airo,1162,2250,2178
normie,1102,1102,
herculesss1525,,,
Kooper-(MKP),1167,1167,
GAByosshii,,,
love,,,
leannoop4,3575,2303,3578
TERUXXX,,,
shira22,,,
maato,,,
Lizard,478,1000,840
pynetree10,,,
i-x-a♡,,,
JayJay512_,1219,1219,
JAG,984,1000,984
jlugo,1064,1064,
blindblue,,,
themadhatlov,1416,1636,1515
fuu,,,
goomba0,927,1000,927
alfie_2009,,,
jujucamer26,214,1000,1024
lycopoky,919,1000,919
iibeet,629,1000,893
yagotan,,,
Humam1230,1160,1160,
MSM,2115,2250,2260
_nkjm,1074,1000,1074
I_MK,1932,2322,2199
Janaaa,,,
Flaviocj1,,,
redmario1,954,1000,954
Lewyn,,,
Daisyrzel,1106,1278,1106
KST4K4,2198,2250,2198
STMonger,,,
yoshistar25,2162,2250,2333
Yoshiyoshi,3948,3750,4001
itsmebluum,,,
Justind189,,,
oneoone_,,,
Saphir,869,1000,971
Apple,2179,2250,2179
dman,7142,3750,7240
chikupiron,,,
Matsukaze-Tenma,3174,3376,3440
JessyKiwi,725,1000,950
veloriounet,1909,2250,2265
Sk1ttlz,,,
nt_karoshi,,,
ratscheezeits,1441,2250,2163
moleinthebowl,,,
seven_xv,2187,2250,2325
justanormalmari,733,1000,896
Atomik,209,1000,903
Nova_,,,
elephant,976,1288,1139
amb11512,,,
DirtyFeet427,888,1000,888
swxgloren,,,
MrMister,,,
Dazai,,,
donotdisclose,862,1000,862
sabhdabaap,,,
suicq_am,2297,2250,2297
nutella0072,712,1000,946
kokonattsu0697,2045,2250,2327
Bry,1859,2250,2165
volt_626,,,
ruleka7658,2113,2250,2193
akemi013,,,
diegoway_99,,,
YellowBrick,,,
sparks0920,,,
haasia2027,,,
FourFinger,1131,1000,1214
_special_rapid_,,,
ChillMode,,,
Echo,78,1000,835
lando363,946,1000,946
joshua_1401,,,
AnderTheOtter,,,
little-Poochy,,,
cartag,818,1000,935
spawman11,,,
obsidiamoon,,,
jphardin03,921,1000,921
davorce52,436,1000,1005
funky_kong_1,,,
luito0317,,,
donkeyfaith,607,1000,916
gxliam7,969,1317,1069
fever,,,
Ciaranp,,,
1mjustaj0k3,847,1000,847
ayumu0101,,,
cyantoad,1957,2250,2349
thepogdog6951,2153,2250,2153
DrewCatcruiser,,,
qwerty3920,,,
Rapunzel,4096,3750,4096
Josephine,2044,2250,2206
soratch,2510,2250,2510
hachi,,,
ftwjune,,,
zee,2387,2250,2415
PigeonMK,,,
Hooray,,,
HoppingTurtle066,4023,3750,4269
HayeGamerz,888,1000,888
Cam,,,
Haru,2258,2250,2258
BrawlLeon,1840,1840,
a_,2802,2250,2805
